{"version":234,"hash":{"type":"Buffer","data":"nY+zJlPL99RcK6wFA/QavWd+ZBZNodvvKJKD6Iu+jb3TA26gFVQTVWmOVyJ8KgnCjaYEyTxuSe+XMDC01t9azjRo6IeaDEQUdGgMeMrhh7mggHtYoheFmwMlwILu2NTVS3TnKolBcg7btl1OnFcP/GnbhseOaevbYhlEmcqhD88="},"indexValueMap":{"AFK9Kkr6VHS3/Vr3tWNh71YP0kVfO/jhEUhgPmOO9AA=":{"valueMac":{"type":"Buffer","data":"UB7lQDJu1IIg5GmEeIzm/B5zLVN50wt9zezPr106cho="}},"AVQOjNc76YvzjQHLxpXXOBdCXf7HxVdBnj1h4ipXZ+U=":{"valueMac":{"type":"Buffer","data":"CbvmzYhRD/cwQ6ulBraKjFPEFYKlzcDE3rA/E5uig8Q="}},"AYBqR2BgCGL5iZtGYu7jEVa6UTZa28BdZMf4SrF8PJI=":{"valueMac":{"type":"Buffer","data":"7f3/1JEXKui83fQYiAYvINRMskpw9BJqZS6ZsIYRrJs="}},"AY80qH7aYfCFvzD53utP6IY0TYbv5q744Sch0z2vxGM=":{"valueMac":{"type":"Buffer","data":"hb2mil0IZ/77sFP04b/C3Bu2vwgKgtMarfSlfSArnUs="}},"Aq2fb0980vcJUTLTh0tjVm2L6rtESJ83n6eozPWKRug=":{"valueMac":{"type":"Buffer","data":"p8OfOqLXjhBjynVTZ6Vwnt9E21UwfZsg+j4cBXp1qig="}},"BY6tNcspL/BDi5ZVsANTvrOnsFkkf9hRhHUnNQCnTfA=":{"valueMac":{"type":"Buffer","data":"FzZgTRv2nu6mYvFb6Ag/E8dGKOkw6FmlfQrR6ZObOJg="}},"BbKd3kuhd6lTDU2cLENLbnaLVhAptskwYxO1dFP08DA=":{"valueMac":{"type":"Buffer","data":"yqNXv8E72A7W1xz28ChV1krAZMedN0CpN5Asa8DB5Nw="}},"BpNSzhKwVuC3E2dl9ZLMHnlVq/uc7MNHBZJtR8WY8ds=":{"valueMac":{"type":"Buffer","data":"9YkWhTdZRmC1Mz+Pxrpih1pSNiZQQqlH4xIvNOXxKRU="}},"CKGwtVkV1DFH12q1H37+f8iFW7ifATUagGVrbP0mlNs=":{"valueMac":{"type":"Buffer","data":"yhJ23b2sTaXLNABOLj3mB7iFhWk7VOiS1oIx9pWYK3U="}},"CkrlcLONQSnYztJQUall+1wz8hdfCbB7B+2GsLy1PmA=":{"valueMac":{"type":"Buffer","data":"CZvmKiV9EPeqOAqrClHe3hSuoceaX8BWagcJaun9CDI="}},"Cs+EBHgXDEbXlyAZJi0ZopzQnTG4WIOmj8uQrzxoT8k=":{"valueMac":{"type":"Buffer","data":"GqCnS0toA0Qo28MKuc0GjFakV6KJHs5a++P4oZmdNYE="}},"CyI5jrTX84ROC7Wk3C2rDEPz/rTx/qofKsXxJfgIBjY=":{"valueMac":{"type":"Buffer","data":"cWrcqR4VMWJs8hlPqbsX3C53gXI9/gcKYsgQy3Xgcng="}},"C5xW/YG6GiWL/4Jh9tnXu3NxVTYcqUdMSGNquFybFds=":{"valueMac":{"type":"Buffer","data":"mAgoEtsA5ho8WBRa4U/CbpJvZfl1rMhOWER3QORlGLE="}},"DTjJE/zPs3JskGnuXxHX1obEP0LXzrNJFfN8cvBLaPk=":{"valueMac":{"type":"Buffer","data":"fifyWHWJGLzvLqgX680kQrvdiLIcsnO9IUkT0avP2tg="}},"DajTvQ4dimpl0hbIzObQHVo+Yi/hTO5VVqgWFW7HFDs=":{"valueMac":{"type":"Buffer","data":"6dkW48gxCrpylBENUcjCdlB28f/U2YH9CiUmU0wNsW4="}},"DdGG/NApMc6HAJJrg4CWcXyiVp9u2WJNjP/W60qzlsk=":{"valueMac":{"type":"Buffer","data":"avGYazgjErLE81D7bTv5xK9IZfb6bidV/7WdiAzKmco="}},"D9eUPfdQqVPwB7PbmY8DIW044t6kp2IQPaxmXM/gnm4=":{"valueMac":{"type":"Buffer","data":"/Fzrwt5i36XOsXV8ldzETiwCFJIgp6FyruQ7ezIdWhE="}},"EMhfLzQxdIHhWgGK5ox2+ILMwmz6E541cSjcw9ejiCw=":{"valueMac":{"type":"Buffer","data":"tQZM91NHCOadHGPR4kF6SDa1UbafO3hn4V4+wNqU/3k="}},"EjLdU1U5ZDTDnzguXpvOJgXyMLbreQqi7JEiIi7WzGg=":{"valueMac":{"type":"Buffer","data":"V3iUh7GGgborcXMWXhHQJgjRS3aPSt5/KF24XxOAmdo="}},"FB/2mjScrIgCn/FZAt79Krpi4fCqhxxa+vjpsPnpjkc=":{"valueMac":{"type":"Buffer","data":"TdQllMemiYEIE8A8SuK+xgpO0O9iDlmCe55pkJShh9I="}},"FK79HgpoaIQmDno8daJa6GBk1lzNiTcvrhftajHh+yQ=":{"valueMac":{"type":"Buffer","data":"b7W3+//7E6Qk23CIj9RTOCWMA++o84/vzxNC6UBHHb0="}},"Fa2M/iyzAN0SB9VaNvlRi6flSA7kQemIBA8/U+aaCjA=":{"valueMac":{"type":"Buffer","data":"d1wvv6khpxYRA5kVg74qNjfK0o6MUq1QVFxAGKQv/oM="}},"F37JBiJAFKy7P+C8eu3/D6H/LRO9k/nTCGwbJxsMNO0=":{"valueMac":{"type":"Buffer","data":"3tHRTQvCrOv9yyXrgq39467UNfV6FZW1TJkl1Ew6EYk="}},"F6J6ZSsME1E8zIkew+xeiIH0uytMZdIXRjfJo606r7E=":{"valueMac":{"type":"Buffer","data":"4wCRUDGiTpdHqwT4pEm0hXaBnC/D9Kwr5rY1SEKz/n0="}},"GC0RAzxlAwlLV5vpaVfLcAvKgIGnZUDm1MVxw6hqsVI=":{"valueMac":{"type":"Buffer","data":"EjVhrdAZY8WyW8gTf8BjHOH+It9uAAzDpArNvmj3Y0Y="}},"GQ6KNRRLhf8clpfm3sIqe0ZuCW7spWsVNyqguamkTfE=":{"valueMac":{"type":"Buffer","data":"1IZJ4+JBhRi/E0dQsIhD28UPmVmodnSSewG+K3RG0iw="}},"GmeYzexXlBtGI1WZDg+c4AbDhlM+zQPRuUEdnE2MSNo=":{"valueMac":{"type":"Buffer","data":"A5Y+eihbXZAQEl3Rct0HcdAZp8bMN6pAOfWalt6MXJU="}},"G2Ke9QbN+JPGBpk8SxUaTQMlI8iyjP5WZxBLXP+j25o=":{"valueMac":{"type":"Buffer","data":"qSc/Csw7Vk4P9Kn+4MXlD0+rDOt+XmwaPyoOhasPBm0="}},"HC9/f2UXwXdS+qR6FHrg2ufcDgasmrKzRlGopBTuAHY=":{"valueMac":{"type":"Buffer","data":"QY+XQJ7lbJh196mtcbilP0KdQe3FU1mTylaKmKhaUeA="}},"HGdtjU/AHdY2zpJS3ynQeIZ5G5TJEMeUruNNqDMdQd4=":{"valueMac":{"type":"Buffer","data":"LPylbWlwVgXYjfGvatUzyYKNh+N8dVqujSHcLulKxzA="}},"HZtRaca3m5rmlCzXbkZC22H4tFQbYtoDPkhxQ5Cg6Ys=":{"valueMac":{"type":"Buffer","data":"zeVJg+V6YlFAGxs/96Z0BXMjyrSfrQ4O5qVx6oHLJ+o="}},"HcJ94jDuorFFl4ooSaAmEC1EyfQdGVrmEhSDAekfFrI=":{"valueMac":{"type":"Buffer","data":"W/feMu6vB2ZaNPKftCaR0wXjoLJoVmCtK+ZCb8oQY+Y="}},"H/gM6Y9agTP3Q4D/8aHJob4ot5gDZ8L7LA/Q3lk440k=":{"valueMac":{"type":"Buffer","data":"peHu3WPN1M4WOgWYlZKLoUTHGAKfmrfLUKC94ekMTZY="}},"IUj/sioE6CnjChI7r4WT9KEFGQLaTHkFiFmQQqmx5zM=":{"valueMac":{"type":"Buffer","data":"fkZMCsHWjfL4L9/T4K2fp9548CnDSQlcKo6ONolvjpI="}},"IXg8V6LFicXbCC3YJHb3VRXAJeDhbapnMafbCwVmIIg=":{"valueMac":{"type":"Buffer","data":"LyM3K+2VcwQigcMVxwaEruBMzRFAh3hFZAXk85af+K8="}},"IfoWXuRioyU+QuU7ATl8HxBwYFsAPwB4AzKMW+xF3Z0=":{"valueMac":{"type":"Buffer","data":"NjJdTIHn7h+X03keI0KYlSM2lF6bux5+cfl31sJQyFI="}},"Iumk4hk/8giMP/Q6rj/osjZy+CHtGE19nEVNw5/8X3M=":{"valueMac":{"type":"Buffer","data":"uUsBnFpAuCsev58RcV634PUrEdjG3RClFxSa+Xcytdc="}},"I70UdhQJjlhvWQyXPOGgyWDfcXDQLmnZkCxb0fKRm2I=":{"valueMac":{"type":"Buffer","data":"U44+hujDDpl+J/JJ/zUaCmb4SMmVWrH0CIhf/NghE2M="}},"JDSHCdakdKiM39bgMCLJw4h21xTaLwIIwGg0e03eFAw=":{"valueMac":{"type":"Buffer","data":"anhLizaDEfnqmaGHy/dYWSFkiH1J//bRcKzOl31ejTs="}},"JSxVnm6hy7cgMGWrceIhWKBMuDmsWDMNViJXlughq8c=":{"valueMac":{"type":"Buffer","data":"qOOUHRUmBzNQleIifleqV+reo5Xm1UQ3qsr+kt4jZ5Y="}},"JawMjppMlrcHrNVHJxnjp9nI6RK1AEyFqewpIttfCSQ=":{"valueMac":{"type":"Buffer","data":"jl4sDkiAfbMClEo0Ww2I041ol9AK8UI5IPA/K4Vum4Y="}},"JwQsav0BaR7bx+wRkTmSJm8CV0mTxtevMuIEWRXG7K0=":{"valueMac":{"type":"Buffer","data":"RdM7fHKtscFr5bmlOGX2PnEKF7XplSuZJxi87PNmuRI="}},"Kdujr2JkDD4Wt0MoOVNdHzvsH+PiTPIBaI84FQE2wlc=":{"valueMac":{"type":"Buffer","data":"Yll3JbkkUubzWwQuRq6kwK/aACZQXXaGAnjCnsg8qp0="}},"KjsAXvgt6q+pCeLlvSocuXNe4js88/sWAwVlxQL1mxk=":{"valueMac":{"type":"Buffer","data":"z3EiX6EoLTE4Z60NP9BpLCSHOU+IO94j2iNV78kNp2Y="}},"LUvNJiDXcohPeMuoJbE06035S9pOdvRoZ9vCWn5mHaQ=":{"valueMac":{"type":"Buffer","data":"qxwzKWfZ5b+FMRoiNR0JaYeuEJDk5dFCwC304rQ/62E="}},"LezocoCNhHnPQYcrzc3Y5VX1/gyip/tIu32EeD6Hgzw=":{"valueMac":{"type":"Buffer","data":"KiUvh71bNWRfn70QPxh6Yi5oPI6xqMFwCGTVWJZHyHM="}},"MEJlPk5+fAT/qBdytnyaPV23rH8rJiF0e7QRyvJngpU=":{"valueMac":{"type":"Buffer","data":"ZFZj+Ds+oLXhd7QhwGmbivK0K581vvRk2ZS1fmNdonk="}},"MMwm+hzqTzlDCOoAkK6PERq6dLBVvBp33HrCqFi0Qs4=":{"valueMac":{"type":"Buffer","data":"nBzO+gNpmR4rcujgFhCWnKMGxBNNS83SXeehvZ30LaU="}},"MuTJlivTfMpjM6LBe5KK78ybdqSwGG3UB5rmPZFPLN0=":{"valueMac":{"type":"Buffer","data":"zNRmlMelI8rzZTw5E98WVjYOeNF3xC5Nw+FOfOBI2jg="}},"NHyEyR5s0Hna0Fpm1hUw000bDVdT4Do54TIL2S7Pdso=":{"valueMac":{"type":"Buffer","data":"mz2WbQ+2chOBYVyMnwWawODlvoWc6of5vFpqGkGu/ME="}},"NSHMDTFrnVika0IfNFveXgG5Z4iUb4K0iRtlCcMEh/A=":{"valueMac":{"type":"Buffer","data":"rGEX0aBOH2XjvKDvHJyvGs1TSG06Sv8dtXcf2b0N7OI="}},"OdguG89RWTspEyJrDsGTbLkovdlAhhnxd1HmnPQojdg=":{"valueMac":{"type":"Buffer","data":"O3kYbR780mszaFZSgTj6l85MONXbwVDAcadwI1hTSxA="}},"Oz/cRjLdPRruQjhWSg8N7lczZUUIoWTfHIkkU8THSpo=":{"valueMac":{"type":"Buffer","data":"1W2affwajrk5upWCk/HRpK1jOJBG65eOr8tUg6b+Xhc="}},"PB5Sah1fyY0/6WRxJbGvlPegY1K1wLIgBwhqXZrCAjs=":{"valueMac":{"type":"Buffer","data":"JAU+znev4F/8ci9RH3nVwvqbrDdJHTtIUlm2K+592Sg="}},"PHIjMNDvi5l7yhBOxk/02/Gm+26y7Dn0qT5gCINMuqY=":{"valueMac":{"type":"Buffer","data":"O8QYBKQS7ZMSC7ct3Rr6ry9f3gBGgFRc86L4rJG66b4="}},"QFd6SXM5nhqQro/FEeH74OEngKwg0ptBaHXWkUKQ76E=":{"valueMac":{"type":"Buffer","data":"aSExaTUfqkOMq9fMx9HZRjUrxrYcE0Hoct8BLgeM15k="}},"QJ8X0sMNhkgjR8O07QUfWAzjTD5jzlasXvIqAUns5b8=":{"valueMac":{"type":"Buffer","data":"CQFh+TebcMCCgKRzETa1cYm+qKKfx9xxFa2C0EvYmm0="}},"QLUAJ1WfqawH2znflxnuaJozR8a1sPwfqKAmEMUMC9U=":{"valueMac":{"type":"Buffer","data":"9FC9KBPGvO812Ht+JasCdOPExt88hlcoS70HzjsXE7M="}},"QcGx2kVNxCfIWQUjAlI5PpH9Kn+RBYQ7XWviT16YHs0=":{"valueMac":{"type":"Buffer","data":"bvDUeEj3FTd1E/OhPQ5Q0Rj2hpd6wXlFcSso1WxxA14="}},"Qgi1EedRMg39NW8Di+kwfaki5wh8Feqf4fnUNdAhNGE=":{"valueMac":{"type":"Buffer","data":"sGh3AAEXIDIyjZQ6ZMTRXxBRgrnCA4NX790etbSOWXw="}},"Q9Ov3o+7aC/TZ08RkhQBNYd1tBAuZTjyQEOC0vBGXfo=":{"valueMac":{"type":"Buffer","data":"AlOGjG05sqSB/kJRPZizmIzPq0ibIbncFcYAj7I82ag="}},"ROI0mabZkQwVbkY0ZCO7Ck0BTfONHoMqpf3IEKSmJps=":{"valueMac":{"type":"Buffer","data":"hoVg6IwfXSbx/JKZzhCjWBRLgReCEkefPGuvW5Zg5Bs="}},"RVSAJ9ksu5zmwH8HsLIEQ/mccQo7pi7ehFlM/67d320=":{"valueMac":{"type":"Buffer","data":"MyTVlsBRO3I58tidjOpOSyY9iJWKWaweknDTVlkMNN8="}},"RXFVjrrgcjm+gKQseAmvsoSeETbG/3w5Jnm8bQtYevY=":{"valueMac":{"type":"Buffer","data":"8NueP3QUKPZynnEhgtuuzGpUcUri9zBZH5y+p3rM9ys="}},"RpK0GgvI4ISE6a/hMdI1OCcm850sL++N+HcfE/Bqj4U=":{"valueMac":{"type":"Buffer","data":"axok1+BnYfcBz/kKrg6D5TQ6qN0L0Lm1nlqrOpqwSLQ="}},"R1sk2H979aqJvq2hAi2CFoZclvzRXTHtvGt+P6omDVE=":{"valueMac":{"type":"Buffer","data":"hFeuORFf4kgdAS/fl6rp/9GOCwTFlfo69FrfMoKGWm0="}},"R8BM4xtoakky4Wr25sUrMgsssOS5NmLExzxYFbroK1c=":{"valueMac":{"type":"Buffer","data":"2Ce1cfLgQJ5W/i3gxE81LLm93ud0QN+5EwY2UAwMmLc="}},"SjrFhQ5qJHXY7FPcP8vgOXo8zPEei7sooo9XrEfD4SE=":{"valueMac":{"type":"Buffer","data":"Go60DJCXJsDbr8rJp8MkzO1IpPTzgxtyEAF/42+JLCk="}},"Syv9sEqqAcj7YQQENXbxTHatyx9WnLFKVUC3NE7jpnM=":{"valueMac":{"type":"Buffer","data":"78jpEDsbdxYYUYe4IDSnT4wR0ztUPumBnPCdLEhoEeQ="}},"S3r+QnXFHKOqTjEziOVlhBaO2oSw+YLYRpOBbMitbdA=":{"valueMac":{"type":"Buffer","data":"NfCNupqdi45UiLHrsXlCgkiXbKA8uUv3xXH2PXMx27Y="}},"TRInzEpxoLAm33Qklfj60ENpMRKonKH7Ote/Sj06vQo=":{"valueMac":{"type":"Buffer","data":"PWHvlC+v/qg8SJKFC2uuJHEp3S9ASs9apsdoewOVT3M="}},"Tm/9KU5v5dB900qQq9A0O1d/u/QdvO2ZqD19S60cjbg=":{"valueMac":{"type":"Buffer","data":"IjJvySbXLEA2g6znrEbVFNeW8GLTzekAH5hFgWWMM4E="}},"Tu+ebxoDxkn1N6iUewOaKhDOhIJnScXM9Of7y4x8VKw=":{"valueMac":{"type":"Buffer","data":"PnHdJs5E0pzVvgZNREDfq21n8GeHHpFU+gsRJyyCvHw="}},"T4FEu7iahGyCoImsUBu9VuBa5mAvTTCDaH6mdRXTnkg=":{"valueMac":{"type":"Buffer","data":"tT2b50fdfACtM4fJTLM/s3oLdMuhAYvHFSjaUd0NCmg="}},"T44+VplKPmupKcX+W3v8C0u4FlTmrvHpl8dDASOSTNY=":{"valueMac":{"type":"Buffer","data":"QzkVPG1egPCcBcfwPnr5SEojUAVLksNTdd60hCA0xnE="}},"UG9YAE7dYZsyGOq6DYzgPGbAuxtQIvuLFCoB84t2ts8=":{"valueMac":{"type":"Buffer","data":"gZ2M1/6ff8frF0sk0D93WEHXFKS17138z73KdbGwH+c="}},"UbGwT2P6ZGg2AlLOuXReMoM7BDKupIIM8Af/WOC78NI=":{"valueMac":{"type":"Buffer","data":"SnCLLLhNVg0Kfv4ZIez/kHxDaz9IJLedj61oH0eEmAQ="}},"UnJ4lGKYIKdYq9s4kVbhHBJJbLKc/EiBghY3tvpyJVE=":{"valueMac":{"type":"Buffer","data":"zfcqP2jcRDgMM8p3KsPMWyeKqwjGxySTsgTGhOpcCPo="}},"VBHS9BYRX8JYWs8RFjlsLycZvOIGWwMURLSsGcFoz/g=":{"valueMac":{"type":"Buffer","data":"d+YFU+GPk9kSJNGWWPD+4YeDdL8CSqpUX3n3LSfZqVc="}},"VTvYdXCcvKlDW/wkM5+LfQS8W8dqEF1Lyaor4UjlaPI=":{"valueMac":{"type":"Buffer","data":"YdMqonq/Xxt2puaywbzG7RbRnjhFZzsCiW7Kzx7TqUE="}},"VgfRYpFokVQLJeVLN3EXNTJ8QFN6ZCzhDRtkudL80GU=":{"valueMac":{"type":"Buffer","data":"Zth7eRBq7GPQ7oZalI6FjoistYJ1pUzjle5RCTEIgY0="}},"V/3iiAnHIdQ5Z5bBVGbfEgYsZd4zlgIEPmHzNKt8Zt8=":{"valueMac":{"type":"Buffer","data":"D1WZiSoOqmbQ0/Ej5GFKXtu3EM0paPNPPCZ3hmO3eLY="}},"WOllwwRAoyaGHaF+C4HK2hbG1v5PMfYeWN5+guqZPig=":{"valueMac":{"type":"Buffer","data":"T9AXrocT0HG7pn9KL5XbfDao61++CsRNlBAOzwA/JZc="}},"WrTIgWSiTXJCFIIecSSLtqhyq+eIQYVpy2hw4kH5qlo=":{"valueMac":{"type":"Buffer","data":"UdoWTJP9cDepshnxNJ3CvnTxCsmvubHVZkBYHqIS9Rk="}},"WwwYCLCNj4H3fRkblwnnWjVdM/yGussiFCS9SqXc2e4=":{"valueMac":{"type":"Buffer","data":"b+pXMBRgI+Jqn0yi9OagdzcPNsWK0ztUxJ8HBqBMJWI="}},"XFHcAIwld5J3ZaAqPd5+ONyVVmlvCDXuizW6cluU40s=":{"valueMac":{"type":"Buffer","data":"2AAUD0Bi+j7Xpg7Ugz/ualu26AGjdkBoyHcCvWjS8wY="}},"XKn/H8dznL7N8ONJmJzKvtpFkp11xo+sFj+X5Kv/Vzw=":{"valueMac":{"type":"Buffer","data":"10RXsTTs6dh0mKwOC9PkF1b0RwfL7cCuUYs7gutCiSs="}},"XjFebq/spxlUe2QzGjxBTOW6XTHpTZLeB1e6TxCA1BA=":{"valueMac":{"type":"Buffer","data":"+k+LQKAyxEE9JI3BEyHugRxcybsW72LNZEeyu51EQM0="}},"XkL9KzvDKoPJKuZaWAD+daDsXj3Q5v0Q9Xch/bxcK6s=":{"valueMac":{"type":"Buffer","data":"uKDCNuQH/006rwo42khIwdOqECHE8JcdIt1laKTcohY="}},"X2v117BL1aptOxvY4AsEgWbbarhEzLNaa7QgDSDgGWI=":{"valueMac":{"type":"Buffer","data":"LvTbZ3k030VM9nWwHlnOHBpFbq4X2Gg5S2iIC1nzDGM="}},"X8PD+qUEheVF9Wu853iFrX8ZlE/3CC7Lj1nGqCgBOjk=":{"valueMac":{"type":"Buffer","data":"DONTI8PS8dtSvpAgHcPr3vwX4O8XaidCvHpT6KdR1TA="}},"YVNs0nuM1CDTsFXtIhx61vx7P3xbQsWJa+vixPwYs8Q=":{"valueMac":{"type":"Buffer","data":"l4xmlwsnZiRtFrv9sSvAevwP+3Rzu9xGE3Aa59YTaJk="}},"YesoKFNveJhYmbNSGWWnzCNVhCQqnLVkubn9rKjyENA=":{"valueMac":{"type":"Buffer","data":"mCZdrBH9k+f91dgKS1Gci4fFvO6gCDDXJy5m5+yrvOk="}},"Ysa5hDCrQdmF1l9FoifTiw0XfYYXlHgYSAnc6urCA/o=":{"valueMac":{"type":"Buffer","data":"mBNEpoVIV8IY97Uzrg+RK8dM8NylktDJDDqTViwnLO8="}},"YwhT7UyNv0TLJ2PGGJXvGZlZP9ZH3ENH7Wi0y1Yz0Tc=":{"valueMac":{"type":"Buffer","data":"rRdOmdGl8r13d8bVyGn5504BcNzXCfRvYWFCZzErWZc="}},"ZA8j4u+Xlq6/NxDf1sp4fL3OWpIGhyp6CrDYjMHoa/A=":{"valueMac":{"type":"Buffer","data":"k7XyjEYDyuhq9Qi4+7sm6s93UuHpyTCufWppKrY1NhE="}},"Z4NTcU2X44RtRXHBBaO8qjwsd2vrVmO+c7UikxlWLow=":{"valueMac":{"type":"Buffer","data":"ceDsNb26a2CcFF88flVqiaKACPnCRLnkTOFoXvzMh7U="}},"Z7YI0S59zgY2Fciq1hgIE+Et2M4aDwdcQHrxa/32YdI=":{"valueMac":{"type":"Buffer","data":"LswK05XoLenWPqptgXs05/5+6YhXR3tdyDGpZANa6FY="}},"Z7kCf7cCaypmdeZm+3zpWJ6A6HzqDBbILR07G6jSp+k=":{"valueMac":{"type":"Buffer","data":"k7QFAkyUTRJ3sKvGCiYBhrwuVV4RBAc6PVK0/5vZRjU="}},"aj/pmML4KV2nLskJd4d11yHRMDKWscLh4m/i0OVOr8w=":{"valueMac":{"type":"Buffer","data":"8bimxU+1W55k1/QME/zmDNiMS3jfkhJ03MLG0XTjQwM="}},"bGWpt4zLvnbYLD2rCmFL3710Hvwe6YvNKU/+jPV/oY0=":{"valueMac":{"type":"Buffer","data":"1f6BJhuJWN/b+bBzCh+wQOPk8kECxtbS0/cwA+TDh/Y="}},"bSRZBLzN7L+R52r8f56VBx4jJJ0HR8IGQ4T1cNg0QZw=":{"valueMac":{"type":"Buffer","data":"EMorIwNxxv4xu8/1IqWbqRQmp3Sj1NwurS7Y6/GeyYo="}},"bcB5/+IdKnva6u1vP3uuW47TiImC79FTsoBhU57i6eI=":{"valueMac":{"type":"Buffer","data":"hrrZp4IscZK7Itt1bujhN4TOReMRwFLhjHYWFis57O8="}},"bec8GcCDfHdj9ewSNWzT7w7LuiDpvhKs/BT/fB9ZnSU=":{"valueMac":{"type":"Buffer","data":"Yio/4W7sYn3DguhA87xAk1mJVbWNtY3ci8XBmxxqrK8="}},"cHhldrXeM/sKiYAQdmbSEJVk8lSGzlPdoG0KvqVsvhk=":{"valueMac":{"type":"Buffer","data":"BL8j/zW+j5TBgG720xon3aLs+uuNjoWDYVxFL3K1SgQ="}},"dA3GKq8F1xx6KNWP4ceBwhkZnCmdaPwTf6NJ+Jf//k4=":{"valueMac":{"type":"Buffer","data":"fOVydWP+tyuqKHDjuAhkFE8YrdMg9147N/p8P8uSYTc="}},"ddNjGIC8+AU1D/dtWwIbuaF1JXtupem4hb5AGqXevu4=":{"valueMac":{"type":"Buffer","data":"K13qR1CtfDOo6xskKO/+iSXtqiG6CFlrjw5gXf5f+kI="}},"dgtpihKWAbI5W5D/YN6NqEzMCB6ZnjOhj9851NvTqvE=":{"valueMac":{"type":"Buffer","data":"mon4R4W9mDqW3ae7x+8IzzlFrofxjW47jsjlmlViJEw="}},"dhnjcw1PuMNh24ZeT2MOiM6WM6TABl9QkHQtFKBJWpc=":{"valueMac":{"type":"Buffer","data":"xeJ74gVvwotrj5ak8H4FULWTuzXseLqPkraf91/ZrBM="}},"djyCH/2xhNngONfF1D8uwLNQnEvYKDghAxgbfj1ss0k=":{"valueMac":{"type":"Buffer","data":"UAjig49FxxL8AtdMAUZTgJPTj2fJvmOWtDaFdXczvLY="}},"eCMS8j9mA1kflPXHoVTN2UeIFF/GA1tA+po9GCvIFf8=":{"valueMac":{"type":"Buffer","data":"o9cogKujXoyCvTRFjvFGjgg/RMAAw+EzsdC9q1ndJTA="}},"eO3kn91q+LgDPL06UPcFGPo9yPbRuxayDORYQBnFIMc=":{"valueMac":{"type":"Buffer","data":"oG/i94wOxvZd4kUn8212E6AyvnXsiFgKfs4S2+5TGRw="}},"eO+zvXPaFNr56+m7rKOVT+7a4/fZ/xUcuDrP45ucazY=":{"valueMac":{"type":"Buffer","data":"V/NhjMJg971HbNY45WANLeKzEUKrDeprNkJ75MzuTPI="}},"eYgln3qrms+rSqwyyZtENdEjw72wAA0+UVtWyoBEMFQ=":{"valueMac":{"type":"Buffer","data":"Il8TroAOfSe4VTZ7H0bIFe8fjf+DWtE1Jza/+glXsiw="}},"ehpPR4pAz1aczctdqy2v9+C8vUxGxuU6IrcWV9J05g8=":{"valueMac":{"type":"Buffer","data":"NLXML5/HG5a0FNzSQh+V/wNHTd/LY+4pvkV7aTFriig="}},"e6mhC7fpR3CDeZxierL9CTjzuZO3k7Aa9ACwlRNeUWg=":{"valueMac":{"type":"Buffer","data":"bgHx9W50Mo5fHeaWa8WcZCGIrLbUJ5hUmLC2wYATeJA="}},"fFMWlJYt/a/4AXveo5vlt9LwnGe2z46IPzyTw4t/kXM=":{"valueMac":{"type":"Buffer","data":"Bj6D+0KlNurGFwGGjy4bxMA6GwK+mwVCOtAtpLYBOlY="}},"f+tvB15aHnzYniTNYg+jHr68DHGVhIFu6dx3iDtrXE4=":{"valueMac":{"type":"Buffer","data":"3tB/hNHgSfJXu0qWnWsg94TPOyrwVBvf2yHsyl71J5o="}},"g5dhsGtQ+1aHQqlM51ubI5Xpr8yI72DTvF6/4JEqnu0=":{"valueMac":{"type":"Buffer","data":"0iIGN9XWX0EDBBAcytI44KgRu7fqD12xJchxxDmaKVw="}},"hNG7WYFGS48FPcUNJHLrTyB6QgcBb5COFhqMhqsCQyo=":{"valueMac":{"type":"Buffer","data":"IxoOPVooel5Xvymu/A/BICxLUDgbcPRAQqZ5sHE7fUE="}},"hXyBrbb2Gf1+VlCQLNtzmUjJ78PcepikiQd/tbbyYWc=":{"valueMac":{"type":"Buffer","data":"Z5IZg+o7UdleQ7VwSffW3h654ZURElfm9dDM/0otbe0="}},"hhc1lZJizNhdh4Euqd7aji5JPBa3vwUnSCM8nEQkMIw=":{"valueMac":{"type":"Buffer","data":"0RQSp9HgIR0nwJa6yM1XHrODwQa4usXpMqZ+7yC2c6s="}},"hy6RRu8gUCw3iA5CPL/8CYLGBnEi99utImLSKF9yJd4=":{"valueMac":{"type":"Buffer","data":"9xvg2V7HKK+E2/KPOE3H6Qbs6sPZCH+EVEXGTfAsi3Y="}},"h/9YrnwUs2Ovnhv0UY3qbPxnjs2nPKosGQTRLP5UdK8=":{"valueMac":{"type":"Buffer","data":"zvOKyv3cx6jhpnbGnomIU14tzID1GSV+b2jfUGLYoSA="}},"iJkbQwH2/kWH4ex0afEdnhcjManI/zJMxAXkEb+5CYQ=":{"valueMac":{"type":"Buffer","data":"3Or1+FnZ/QRbdbsl4MKHFbZBOTBKRfX6/IHfu2qUfs4="}},"iQGwE4zCt3Vz13zTeBfo/gjSYLgr/4MjwVN0eyMHHi0=":{"valueMac":{"type":"Buffer","data":"JzF7gETUbCcOv6ys4Jbrtric8O3p02KhBn3WAisorj0="}},"iWlyTI8f9fcqrmG/WkhD4eAJMspEkrY2SLEZFB78DJs=":{"valueMac":{"type":"Buffer","data":"ZNFRhmoDK/CjSPmsCh8zTS6FLnk6QyF5vPK+4YCsGCI="}},"jBFlyE04HV/bpDdy0kfUqYV6717+h7Mnlx1o/xCgQu0=":{"valueMac":{"type":"Buffer","data":"Bp0JvPW+Q5Uw4U9/JE9LQqFAXNJf63NpZ+RvuV7fV1E="}},"jGF61y0qz/NcQYOPzBpuuKvqzaTR4dkwtlIc8B1R/10=":{"valueMac":{"type":"Buffer","data":"nkHq6kyDrLgi9H1YjaFzQD6OBUdaAA3jvfv0UwKJiCg="}},"jRaiD4QATeKLlUrvVXpmqH7QqnLlxx7EysBq4AkPVp8=":{"valueMac":{"type":"Buffer","data":"xoliU1Vibts3vQdOWOt44iACepQV7KOUylhyXTEk27o="}},"jSP0Z8FM3uIfrwO4DndApxxAq5crcdkkUySHdibkveo=":{"valueMac":{"type":"Buffer","data":"pOn+aRS9IH88s15/teYTPi0Qn448NamZrELK8qDljEc="}},"j64rAX3yTUDWn6Ift9pi92C6IMIaw7w5AA19SaW3Zus=":{"valueMac":{"type":"Buffer","data":"ztujTrkWT5iGNZ8z6RxMNtKflQdp93mpsvJMmXtuUKg="}},"kFdvBRL4sQUH1Mfs0Orw8Cui4Z3oJ2J4Mpel0octsAM=":{"valueMac":{"type":"Buffer","data":"xyt8GIn7O1kbrLWnfi6UAkxwi03v+SxevJg/EPytSxg="}},"khS+zpaMN3hURaxCYab9ofmThEHGjkdVPogJYXm29Dk=":{"valueMac":{"type":"Buffer","data":"oKkd88BKQYIILnTicvi9zUHMD1c6alL4db6SibNkTjM="}},"lFANQueVrT7xKsna3MxZEg2O/JcZgMiXP0NfSO2iCxI=":{"valueMac":{"type":"Buffer","data":"2wFzokb9P5mpChIOgBlDSdRIf9H4YuYPqczmJTFKruw="}},"l5aucSrihFntFv6of+N562BEwlUEXT27B84LLkuQ7Lc=":{"valueMac":{"type":"Buffer","data":"fVY2hVjqqrwJZ/5TXzLGhpB5LOafsBw/ChiiyiSIhyo="}},"l8Ez6G1nbYLCT0kn27N1A7k4szdj3QZfSq2CHSOqlyc=":{"valueMac":{"type":"Buffer","data":"DGdL7Pt32JS/djarPk5E2QWlKttEhM8LnhIYl6gw97g="}},"mXwDhOmgjoHU/+DCUdZi46hfBtGl1ae1dFh7usiM900=":{"valueMac":{"type":"Buffer","data":"4KUVxq8iU3YBfVBmFHB/PMehjrf4jSGWvSXdoIcsDHg="}},"nAqC3xXJQCQLqnGe4N/MS+pIblCqR7t77bQZoI+680E=":{"valueMac":{"type":"Buffer","data":"GX1X03WaSWzweg0RIpKKIwKpR9HPPifOHHxZoXGeAfk="}},"nBziHW04t39zfXS4eL9yGOGZCArDSEIWLNi4p0OoNxg=":{"valueMac":{"type":"Buffer","data":"c96i64uHS3OVVqH4tkUgjmlXknaBbfyfj9c6PI3YbrQ="}},"nQNBXq3xTQK2pfBMpoA3ciz8a8W8D4TNji0vXHx0IRM=":{"valueMac":{"type":"Buffer","data":"mzu/5q338zbGtKmw1Ga8ZUAYSU0rY5XIwelPqBUJkIU="}},"nQypEGK1CuW4ReVWKCan9ihOJg2RZiui+4WOCA340GM=":{"valueMac":{"type":"Buffer","data":"I8QUNJ8jP9Jx7LQub3YFky/+HdnrDEqpu0x3qan+tfI="}},"nY/S1NPHhi2ipJ7GiIuyigvw5+oG5vNcI1QsWB+PwCU=":{"valueMac":{"type":"Buffer","data":"SYAwddq2OR9YoQaHiOs8ISCzzoXle76/9yONxN2SX3E="}},"nbSPTLhtQJ2W9Nobvrpz45MUVrXosubx6y6DluOGlRA=":{"valueMac":{"type":"Buffer","data":"UeRIzR+yUaqa9vQfPQ0eTTocB8UkHUkrSuC8nDO+zFo="}},"nknGsjSmnT6hDUE1U2Q4dz/DfAEbOzsm0uMjghxF0vo=":{"valueMac":{"type":"Buffer","data":"0I5JMizHEnK0ZP+U+sx/6V3ROtZ6PsMh8knOgffVn+Q="}},"oAbLnkMNRCteWw/hYroMKYuHUF4F+Cr8H+5BR91v7Kg=":{"valueMac":{"type":"Buffer","data":"hwgjUnlTJ+MOeKXsv4h8RqTtsm5jDWIpTT4W4kYEqKM="}},"oK/5JwiGNPvufpzt3GNnw7K2QCTC7dnF2EyOrvYVlTk=":{"valueMac":{"type":"Buffer","data":"WYyfN+aHkQX6ps55GhNpk6ToidYsmXhttpGf+a1C2rI="}},"oTf4RASHXfycNQkOlY30+o8D+fvs5rnPzlt86cN5j6A=":{"valueMac":{"type":"Buffer","data":"g+v86YEzPRnMwoioIRrY5knsVh3xpI7ndpmKVfE3jPc="}},"oc/OD0vgq8cFAJG793Tcpp6BrXbuhhyPqCUOVGxlfFU=":{"valueMac":{"type":"Buffer","data":"bSb0Bu3q9pvYb4ljzTnY1vXLKAqGFBuC8ldUSy3TTs0="}},"okMQLCxDr4jPAE2IynFSI5n6RCYKw4SzLhRFlxXtGTU=":{"valueMac":{"type":"Buffer","data":"5HkgPLZD+6opYvdK3PtpTnCcHRw9mDCxRSotuJ7mH8Q="}},"otz/SdpPUM/B/rVe5LsLF9RAz6YYrgaDYsxukcTjLlw=":{"valueMac":{"type":"Buffer","data":"e/Jo5612BYrcSQIa2Paw73Wr6vmIszyNxeyWbZkJFIM="}},"pu3RMZ6Wz3rq2KqG7y+JLvHc7EMZ+Ewy7lOmnbfrNbI=":{"valueMac":{"type":"Buffer","data":"EMunVAeSVQ+QS7VfpuvmdEGRNAzATe/MUMfT0/euwx4="}},"qM7BjAD+JZMSH0qHtk4FB5ap4vdZBSVxirhLNtLGnLA=":{"valueMac":{"type":"Buffer","data":"gF0zk/wAPTvw37j+euP9b34F8T6r/EKizC0o/U/kCWk="}},"qkqOSTVgRsrYGtCgCAsJJR73zctTQNWLhE0eIHeuAoI=":{"valueMac":{"type":"Buffer","data":"iDrhaxdK24/jKGCjkF6PABloSaNoe0kdIT3NzW2E/Xk="}},"qpoWrrDrqC/Z8qkvktrYl6c71hk2043Npii6W0HQLpA=":{"valueMac":{"type":"Buffer","data":"z4/UI7jZtT+t21O8QniPCFNIaD+YwnKBdDmFKbaavCo="}},"rWUNYDDj8RkHltx+A+XdQdLFlF11RiEVEzhJcUZf460=":{"valueMac":{"type":"Buffer","data":"omdSWf4Gx98Y3t3ZKWO6aqKFZJSKomVB9fE+1chLzUk="}},"rrLTeR5Xy5o9eVfwghMpG44QP9LoQH0OHMsUykIMBqQ=":{"valueMac":{"type":"Buffer","data":"v4fX8KJF5WywxcU9P2AxbKvnA5mHtJkXcHgF8OOalMM="}},"r2EUKey+qSHjSWgr9+JaTrP02pqR7hF5NeB1AYzFnk0=":{"valueMac":{"type":"Buffer","data":"1lVrLYMioS8wsdkzVv08ePHMUppMerv66udGp6RfMG8="}},"sTp2MFXZwIlDx7ui1EUtQ4WbmYOK8JkhcDsr3m6fKMo=":{"valueMac":{"type":"Buffer","data":"UUNQV1pOcHXOSk6oncqbTKF5AwPotLQxUlPkd6A7M78="}},"sfb2+63Du+pgLdjArPY0K27JvFAm8B0Pcq0UD6/8F9Q=":{"valueMac":{"type":"Buffer","data":"EEDmjPgypQeh3ZFzMi+q7VQ271CN5d3ToNZ0yRMSuOw="}},"s2Es89iA9BPDPv8xbTrbdkABsIym8aA75AMoI7ov3Rg=":{"valueMac":{"type":"Buffer","data":"65w241ZTLMe8nKQzUOpZ/pOPIZbvMIIOJWpOPT3s4qE="}},"s5AyjiKe+9Yo+c+aay5YydFmUMKpW5O3ScXVTjFPeM0=":{"valueMac":{"type":"Buffer","data":"JcV/PoKeyd3dAsVP6xcwvcbv676aogcJTSbNpIPYQPk="}},"tk/8QMOdOiAPRVSJ+NfjqcvQjQ0h8q/IklgWWxJLStE=":{"valueMac":{"type":"Buffer","data":"unmujhXp4hfLSPOjFw3nBfWv5drFVnfXAuhzfhiq5rs="}},"toPlKeBgvif+J1Oj9Ic0ZXFJUBYFBXqE9V1EM6LxUPU=":{"valueMac":{"type":"Buffer","data":"LB8R4+rLwbDq7mQ5lNDp780OfP9A9o5/aftmEQUm2AA="}},"uuorX2BJ99nkEDZelCbcj1Fs0tsrBTGKx3X7AvtEqnQ=":{"valueMac":{"type":"Buffer","data":"VSzjhffsETu7yksDkd7kPro5jm92l6Wjv9JnKD2Qb+A="}},"uzdPzNAG85mZLS0CiyZ/jRiPnaB9xHRLrcCzI7YdjBw=":{"valueMac":{"type":"Buffer","data":"NuIYpBHanGg0uDxIZDwPkW/nmepkTWrRT83pavgrYw8="}},"vDovlcp8mLMjNyacedmqDS1b/hORYj5IcO3GgrD50f8=":{"valueMac":{"type":"Buffer","data":"qBOvk8mlxNvV/8C6ri6Gyg7Y9D3+kma3HCq32tFUm1o="}},"vPFWR7OEZRPxgHUWavPtwuCMi06MOdWgN/sX6+tQE8w=":{"valueMac":{"type":"Buffer","data":"pZ0Hn7Z5hRsB7j0gBE3BnJZLRsuOjsLXKu/QKolQSCI="}},"wQe2QttcGlC1WghMWdSw/tNv2AP5OqZrQD6+r8FEKgg=":{"valueMac":{"type":"Buffer","data":"gaJlGDoxZ4JAR0hLv49kncBcXHwBySwhrNOaTRtR3rQ="}},"wZj/KonDL7DNi9uniHakBgWv/1Q5j1MdVKFL9J+2lzk=":{"valueMac":{"type":"Buffer","data":"709oJ/GJdVv/fB/BWdz4kIwYrDPIbehOarLBgzR8vzc="}},"wr6G473wULby0O15NTV3BD7lC1rhWUwmAJV35W3EKGA=":{"valueMac":{"type":"Buffer","data":"sBiNEanSpGc321dGZMY7Xdk/Ov1n2JYcOa99tsH3ghA="}},"wsoO79dADLjVHmfqYBFnaU2cbyPk/bjku5vJn7KAEG0=":{"valueMac":{"type":"Buffer","data":"togjlIje0jsVJAqw2He+Ij+SUhYUpb+UAH9egee5KuY="}},"w0WqtqDOvd0GIpJrC1DR7E1hPG2IF+oucJJc+BoNOv4=":{"valueMac":{"type":"Buffer","data":"XrizZPo7k0Vf4wGX53IVN05dY6PEXfuhmLuPL6nWwhE="}},"yrL7TxeCi4akBXWpcoWc6q9YwLGk6dIRo97BTZ4n2CQ=":{"valueMac":{"type":"Buffer","data":"Vsm4xjWywM+txdwnxJuQ40ANEn0BOAz0tFaNP6URiiY="}},"y2wa847XzgQ1ucUy5cCKcIX+AuBxCwRF7WtrkvBlJAM=":{"valueMac":{"type":"Buffer","data":"LpnEFzenwTV5bbuH4Lv3j1mypRWAdv4r8JB/g6h0Kp0="}},"zdi2lEiHqiaJYH0u9zqD+gi9WyUR2ZWl2ThsZH6TSZA=":{"valueMac":{"type":"Buffer","data":"4khyWyxBsIK/t+FcmttTBJdXI3eABLNyvb/JiBQ3R6s="}},"zer/C4D8ZIoaGdU0CTMQSkyDpzvOHwb3K03h6pe1AzY=":{"valueMac":{"type":"Buffer","data":"uNfrPAwD/kPedJBOT1wBfd90nqJFqtrBo/AbOOd/LS0="}},"zgsnA7HRNSKMnHX5xdMHLjx10GqMnM3Qr0LaKZqo6yo=":{"valueMac":{"type":"Buffer","data":"Ro9nZFUFa7on+f95PTzqJIyIVoo2d3pXrSRzIESH/+o="}},"zkaEoOX+n26rwss0lHhSEo3es3b6m4V30Y3NpzzYAjw=":{"valueMac":{"type":"Buffer","data":"6d0E+HMdZGzODfg21t1fsAtGkEztP8vDna9RNe7cR1s="}},"0ejElX0vBCDckh9MiOpsiDxH3n5Y0nglgwtafZoFOlY=":{"valueMac":{"type":"Buffer","data":"Ia0Kl9f55e9A9XNFid5LMNjtV+KcJhkz31SDMQvcNlU="}},"1Cd0brf7SsMWktvoNKXHjfdcipJ3Wr6viQep9GpfHTQ=":{"valueMac":{"type":"Buffer","data":"7yW7HNf4RhKTg6eWa4GOzC4KG41MnPEJuo1oeNNiUDM="}},"1reJXOlrgoijFrLseHx04jdtbdqoGd375CjDX97Wwg0=":{"valueMac":{"type":"Buffer","data":"vyH+Gal5Jpic5RgKKrcYTVtJv5Vml6WJPQbgKXf7ekE="}},"10yvoEjIzEzgXkMRyUhj5pnXvDZRSP02o9Reg7t3JXI=":{"valueMac":{"type":"Buffer","data":"1Yx4Txe6009dJRoqDYiTfo0+VHb8Rjt/3KI3rqgUeFI="}},"2EW7D812uAbOXTmVaLPKxBjukqunb+aCj9K2bpp2Vv0=":{"valueMac":{"type":"Buffer","data":"+LOdmoYIdsz9D0PeCbA/QfolyamEv1Z5AFgAxpw0M1k="}},"2QMuCsf0s1t9rzlxfbiwnVODsaSc8pAD3NKCJIrQcak=":{"valueMac":{"type":"Buffer","data":"wNkXLWbvvcAP9FrU5NheXoR5WGjxx9oteGLofOrydQI="}},"2/rGG1YmCd3UUjfm0r3MHq66dR8eC6wcpNeJntSF0rM=":{"valueMac":{"type":"Buffer","data":"XvvRFeYPlBKnPJ6rF62LSDqELEltKrmBwgTARsOwe/c="}},"3RqqM+x4imgu3qQTz3q9ZuGdGG5m3CaN69JlJmP/sGs=":{"valueMac":{"type":"Buffer","data":"fmFo5mlpmlSpWvZ4Lu1hvejjg3JcYq+ho09ieFokm8M="}},"3hDo7IxWc2fj/8mxRgoNP7Pf9hTChzYrKzacDkAaKMY=":{"valueMac":{"type":"Buffer","data":"yrX/+Kf27DcyiV2D3qcXacI4ZH5T/B4nEpEhnhKfCMg="}},"3j5OPYZYlvHT7yI9zxTiV7HATdnb1ZDLVuVxgBSpQGA=":{"valueMac":{"type":"Buffer","data":"d4o9HmtlrqBO1E578g84PbG8mxXUlQbqUwzr4K1DrWU="}},"3kvzpMA4YuW07d9nlj5exsOPTPuFPKhu2ie3VN+HbHs=":{"valueMac":{"type":"Buffer","data":"rBWlY8V7kM2uhnP/n0HAT9cxV4GDgFA2XFz+swu97mY="}},"4LUWxlMbHWlNbP8Qaj0SZLRKz+mU02dvSvZ8X10IFtc=":{"valueMac":{"type":"Buffer","data":"YNHE++a5bvPpx0MgZzaB5iRr6MYfXL1HBBex8njbsk0="}},"4mZUR24YdkpmLa+675DWTtgCIOk4PjOTCqU7QxeJ3mg=":{"valueMac":{"type":"Buffer","data":"L2uzHINReQ77Lozp5am51vhF9R/05NWx3cvSF6ooKBI="}},"5LkzVu5oYZucAVnkcekd7OuGVz7uioD6st29NVpQKb0=":{"valueMac":{"type":"Buffer","data":"XFhA6SbtEp7lSD3EeulGQcS2+aH2kfVKnMPg0jwRTRw="}},"5L02RvOzO4x3s9HVp0+CxOZ/1xSby+Ht6M710AZsKlo=":{"valueMac":{"type":"Buffer","data":"64hy97eZcD8NXfbdDVPleDzlM5ooTDKzBDDaddgO2so="}},"5+RsR2HY1H0cL5N+kL55O3wBN4+7LOk5D61x2EXPWaU=":{"valueMac":{"type":"Buffer","data":"mFRmwRixVcKsdi/5/f7COBHZPSzG3CYOVxOuVw4Co3Q="}},"6DJwFPwcmBgEcIMbzEZn1B2UF1s0/qcyb/XbS65gfik=":{"valueMac":{"type":"Buffer","data":"UEnxHOLz6in5hJczGACjVe+2yRn1mA/xCFwMOkwb+k0="}},"6LDCaec5fLdyaksM+nAGendjq2misk/yT9KZ30iebTM=":{"valueMac":{"type":"Buffer","data":"WbQJxec4bCcsxMC5sPeYFGp6EenOAHMdk2gz2AOKVMs="}},"7WdqrTJLdRRUdGa7Wv9hPuBa6AgauYGlgrwiWUE0ScI=":{"valueMac":{"type":"Buffer","data":"+nP8Ii+VAS9sM+cBCySuCkj4LYSspImVEeHHwGPlweY="}},"7wV0isUEZ8qgIbn4VgFzALJ2xciah842ey7r1XJEid4=":{"valueMac":{"type":"Buffer","data":"O3eNPkkgP9vNPPiaPp+P+t/4wqwYdOCU2ro+qEHy2m8="}},"74UPT/5WbXFt2qdjA3lM/M1RvdZjjrd4/5nI5lXm5bg=":{"valueMac":{"type":"Buffer","data":"BmfG/IXr/R2Go+Xu7RmN4D8VGgxue6BsVMpGIrFfcxo="}},"8BoOsMJiyGgFEheI0phn7NZDdSeqsiNgeMjn3wTB44U=":{"valueMac":{"type":"Buffer","data":"bHasahdZkeJnjp60B5TGfhbxyBu5bQLdjJ+WOBj5xN8="}},"8XD+nBMAehW4wJti9bz+VSEYVbjb5vcgpwUBtJI9F+k=":{"valueMac":{"type":"Buffer","data":"0a20PrgK6S+t4s1/pmTx/Bj0TvtYyYCU5s5ccFChjP0="}},"8f0cuNCUjngm37bUdoyzpkC/N81ZTAby7HPFG+ryovk=":{"valueMac":{"type":"Buffer","data":"HzpsP+AuX6MlPmqPOOwIFY+vfqdxiYK2XVUmsPkrzMI="}},"8u5efzccSMmm2VNT+YTtkBtvN68vnYYrd9GbypOTPqw=":{"valueMac":{"type":"Buffer","data":"faTTLCYw1QaMtSQTFHufRgfPM+pAIk3LnvE6hbiUpIk="}},"9I85rSs97nQCRSOak/BgUiczMejvr+9M5F5MuxLE2pg=":{"valueMac":{"type":"Buffer","data":"f6j0CY6jHaoU/Qy3qLZ0HgW6GqNanZxnUFwIUUlTT3w="}},"+BIkEVMmofJQF1IFXC7R7xPCn/XekgVQXgqzTI6x6Dg=":{"valueMac":{"type":"Buffer","data":"D7BVhgUYLERVwTCLojLppOjoFK7SbRJD+vkr/PgHm6Q="}},"+Iy4aivvd3ooCwDbwFG09uz5fRbCr8WRvZnbinwGL1w=":{"valueMac":{"type":"Buffer","data":"UQ0m9/13gy5wsCv04YT5egtren5zeGu7TkKdkT6Sr+w="}},"+RfzKeLRLqYDMAxjAhFpSQjaK0hWj4oecD48RYZfq70=":{"valueMac":{"type":"Buffer","data":"HHwxTkuDG7y+ZvAXOIhjXSwUM4IbnxU9HJeRFOGcH34="}},"+hCrmjsNVehOrXiU/xLUYboMr5Pvb83/OZPtoahVMRk=":{"valueMac":{"type":"Buffer","data":"1ez4tJ5vf3zW1EyjEMO02N0YbNuTpktVLk/CNqg37Do="}},"+mjYTkzPF5Y4ekf5uFKTA0geNZlDVQXbxebCPu/kmfI=":{"valueMac":{"type":"Buffer","data":"jgF9ci+zljE60niE7mOXHmMUcH8YHb6yneVk+pok0Kk="}},"/XdqnDmTcF+bGD1EpdPlMDz2pMDtWjcU1hrTw7NsZdE=":{"valueMac":{"type":"Buffer","data":"akT8xb0azaQ2ds//bhwHjWX/Oe+T5YXSYh+omeNGQGk="}},"/zcTlVJVmDWMEG6J1dXwpIZ8gDv7oqIXZj4xuj/Hi0U=":{"valueMac":{"type":"Buffer","data":"bM6+Kp8BsXo8a3P7+U/zm3IqoKksh+ydmE6MHIqzOPs="}},"/4Mmtxyw5nPf147t1UVRtrozkXY3t0GGx25jMUIEWZY=":{"valueMac":{"type":"Buffer","data":"z+IiOUn4hMAg4STyGMW5nkte2Q//XedJsHD70+X6suk="}},"FXMgJTvKHjTlX+gnialg99tIQHVNUvsGJ0THgGpHGWA=":{"valueMac":{"type":"Buffer","data":"XXHGpJ4BFPe3Qj6sc3DzmFhgwMtfqfF7Qd+l3ZGCdeI="}},"JXTOuOfE9ztU6nsshtw/XE3/VOySUS9bjEX6jWBKe+8=":{"valueMac":{"type":"Buffer","data":"rrpuQ2AR9MXjVMsAA0j0Vf1+5ZRRzRbg4h8MTPk8NI8="}}}}