{"version":373,"hash":{"type":"Buffer","data":"kTY5QjWjOMnQDkf7FWy6JZ5xcQlfdcUPrOBBF6kE158s3UAx+8wpyVXQi/EhWqDDMsoc+YkSfWrkltVz/73Nvs81WQacoXXwdWL6ovqvNdGd6ZJqKhb6fTcJUAN8sr7+Bw6oz7Y/Z5DScE4kp//aTaSmfMq46PWouszGl0hI3zM="},"indexValueMap":{"AVWafXK7ff7aRX3no/bI/mTBNq+NBYMxLaC7N8mprUg=":{"valueMac":{"type":"Buffer","data":"ggD9lYgoNYyuXExx5soIbF2FNvj2BSPi0FUHygMU5Cw="}},"AcjtHNcUY0VyE8xjQ6vp2LokT/vXyeAThfmoSbZsXBk=":{"valueMac":{"type":"Buffer","data":"pEy3AL3FsxfKVZJxtn46LTwHO6P/T3Ye7rAwQSThhgA="}},"Ao0z9sHbAULfVDLpcbJFVnpFymRKTGmYgd+AjUiFS3s=":{"valueMac":{"type":"Buffer","data":"bhr06VraFmK5FAjrCFac2+x7bCpVPKK2Xwjcpi10YFE="}},"A3hM97nUI1uY79BYpirK/mP3rRKHVbOUAHrmNN9dCpw=":{"valueMac":{"type":"Buffer","data":"1EIebsdNOcH4qW6rDP8QKzwXEJ6TglLhIy4kHOnu2oA="}},"BC8y6EwM39bSxxQGyWcXpiLjMQD51HpGOoW6BiEq2Oc=":{"valueMac":{"type":"Buffer","data":"QB516HdWzkdYYLYI7wSJdHkR/9FUdh4SiMrNb4focKs="}},"BMIv1tObJSy7lEwEzCJw/+sPHZbeTGzGRSgLGWIS6Ps=":{"valueMac":{"type":"Buffer","data":"Pct0xhkSKhpiy5dGxOl2OhB/pWFhFsGFVV9kcug5Avw="}},"BReP3GYWHKVCM/dXdXNHhdIYFHadmsfqgHIhsZwYBr4=":{"valueMac":{"type":"Buffer","data":"GZquytw7bUJMwU9jR6fyCRU/XeqJzNMAm+lsxuzFTOY="}},"BVLpmhYUwGOhIUesh6zQxvJ6qWs3L/NffCAFS5Hq3ZI=":{"valueMac":{"type":"Buffer","data":"rVeSF4IQI4NKCfvKRmPlahfj68dWg/aRjrmc/JeZIC4="}},"BfnNHhI7O3Nip15ktrODHDq2oU324nKbrYtwFZPyNrE=":{"valueMac":{"type":"Buffer","data":"Lf+93zHdb2LCPk3lypCk51dFJRJXX9WnHRgEnNf98w8="}},"BotpmjR+1hqc8tsgSHex+ClfSxi7IK69DJ8z1Uv7njI=":{"valueMac":{"type":"Buffer","data":"azcdj6lwQiM99IoRKS0qL7yR6Vx5ktwrcT02nHx0aME="}},"B7XzLp63S6CRT+Z9JoOE0CzXhPb52PIO8Yif7f+S0Xw=":{"valueMac":{"type":"Buffer","data":"AkVLnQg7Sx7BTDgc6aTtYgAq6qfU08qLDYRa8XV9vR8="}},"CBkxEH2xpitub6ksGJZ/gXEkp30NHrs1RR1U8fABCZs=":{"valueMac":{"type":"Buffer","data":"fb7Tqjd87Ybv87hsDzXbInoVyPFbc5PXApJ/eUdTP5Y="}},"CCecOcbvTbW3PJ9riPnsZK+X8n4rI3Phwb5T0fsl5UM=":{"valueMac":{"type":"Buffer","data":"wBIv9ELTgALNrV4wXe0ximWBlKiz6MAIC29s8PmBrb0="}},"CEqGfbe8pc/j+9S1NLoM84DUG3JXLnzv0T3oQATdAw4=":{"valueMac":{"type":"Buffer","data":"zwnx0buGXSNRnDQnx2+L6fAYW/5yTdcNz7RLzQT0qBM="}},"CRMwOny0utb1A955g4ixYz3RkPT2jaKVgVkOIoLRHq0=":{"valueMac":{"type":"Buffer","data":"GrHN54cxPGFVaqIRlRN5dZVdBX17j6pT6Ke22QR6y9Y="}},"CVDRqbnvCVOgE3oCuH74DRJvQZOTjDPwlES9Yl5NDFk=":{"valueMac":{"type":"Buffer","data":"MA42W5J98gXxwFgbqmR82sVDXTwVD12snhpuz7bYnrY="}},"Cas4gikyOxqBk1qUSqSkmp1eI7nlWy+oggolDx3+Fd0=":{"valueMac":{"type":"Buffer","data":"rdQjIp/dnoHZ9Rtugi58Bc+rfXSVT3SVR1JGQoxGGyw="}},"CwPJQs3QWrIo+F+6m6BuOHvdOBCkWMK4fw/hYN3kn6Q=":{"valueMac":{"type":"Buffer","data":"EmiLqPsjL1/lJ2DbBuYbR6Vr1WUc1b5PJz1nmUKEhh8="}},"C8NwouUkEP+ELGLTRzTl5RzvOOs2MIY73qFfIus0SkY=":{"valueMac":{"type":"Buffer","data":"sI7ROD55b+lbb3bLpcySfSRgmVIW9uf1gfIepJp260k="}},"C+oeHLKE9FyBYToT8sPuIP+3GB1lOYzOPxwNS0ABV/o=":{"valueMac":{"type":"Buffer","data":"DI8Y1qWSlLDMYNUu8UschpQnBaSm/xqYu1X1gVrxp9w="}},"DD/uYfCpsGIrcmdKHevWtrO9qrk5aTl/3AfwXBb7IC0=":{"valueMac":{"type":"Buffer","data":"LIv3CeubJXhjt1mzhkRUjCHGPFv/n1v8U3OV88JJ4Pg="}},"DFuo7mUQ8WAp9NNqf1ZhM2xhtuLSC1TywlYLu/V0fJ0=":{"valueMac":{"type":"Buffer","data":"apBsHZ3UN7/J3w3siWDUWbZfzEGotoUkzVl8kCtDiGU="}},"DQ81HeHbMmNLqXsa5NHhz0YLOnrBC2+IyTk/qD5EMBQ=":{"valueMac":{"type":"Buffer","data":"ZudJPvuxJBKIYLjru5W+WhWxRr9T0WyzLgm9axRozxI="}},"DhRD/WrExn6WkuaUCGuvReLMUwiW0oH0E6uqeh7lyEM=":{"valueMac":{"type":"Buffer","data":"FzonT12bXnaZCRGosZU3SAk3VEDGuRoXvV3Q7J3hLac="}},"DitUGyvlnBhLhQz/mhnLPsZ8c/WFkiiTza5iWxdr6jk=":{"valueMac":{"type":"Buffer","data":"nMzojZdW8+EyoD46u3akWfpZTTOfwVi8kjeJFKTp7aI="}},"Dt5fFO9w5uVmoW2c99hL+msvmsxfqJHcpdob323SqaY=":{"valueMac":{"type":"Buffer","data":"/glWhwJMzkNOcavcHMaLJrwspktZifnmoXD8eedFs4E="}},"DvvqdxAgdrYDstUC9e+ueq7CInCgIOP5ejQNR5jvP0s=":{"valueMac":{"type":"Buffer","data":"jsj/iUcJwQ058AxE19MAwg3tIU8ziDyZMOP9ZP9+eAc="}},"D9r4AVzC85+8nqYrYkWacBlYUCjQ5tAEgqu4+dE2pfI=":{"valueMac":{"type":"Buffer","data":"0OlLr4hbN49ZQcR9ZhnQcfERKTaBfzn4tCfv1bls/EU="}},"EHLAQvc1kFFP6HGMF5cJUp2GMjQyd3eUTezFnncL77w=":{"valueMac":{"type":"Buffer","data":"3dg96OKO+TfUGdMRAoF+nZoQLAfxySXLirJXzd9hbZM="}},"EOJM8x4+CGZo28GcsCcCAN2daAr0X3qGkYlRQ7xm5To=":{"valueMac":{"type":"Buffer","data":"1BWM4lrPbp2gcXJ9H1mIQrKFRKmOi8ESmGnlUzF60Yo="}},"EQ3MLyOQZdUoQp5W//+0ma4lDBtek3KfFkvgPr00tQk=":{"valueMac":{"type":"Buffer","data":"cCfn1wPA8Na5VKyj+jtrS5bqSzxqWKoKEZ99Asw1WHc="}},"EU+2MObmZTMXQWQedUVmQR/eadp4CA1Ky5HIyhvJBsw=":{"valueMac":{"type":"Buffer","data":"e7ltaoyOA3/jRuWoJUQtTjdvmjBoLufjIlzaTQWgH7Y="}},"EhsdLdac7poyMA2nwosOFD85xE/KWOYr1SXf0eUGzXA=":{"valueMac":{"type":"Buffer","data":"cQo6YpSqNw9IrIJoSYCfG9SHwAFlB/4MHB0Bnrplo1A="}},"Ei2XY0+GsRk6xLC1WcMlsEwtpL3faMaTTtREwpxqdE8=":{"valueMac":{"type":"Buffer","data":"uNyPEqra/ZdIu4/FgMoAfDUHdMHZP5RWD3NBQ69+tSU="}},"EkhpvXd3JrTT6nIY+FfXAtE/hECF1z3wjpmYZZZTUvg=":{"valueMac":{"type":"Buffer","data":"92/GP9q03f7iwnFFsAq2Ib/KDqlsMocgolOrhb1h3eE="}},"Eo/FgY6ymnCdMLD2rC7O/smZG+u+XuvqHb+vzptvLIA=":{"valueMac":{"type":"Buffer","data":"qWkSRskvaz186yitrJUP/bosoT2mf8io9fSYbhL/U4c="}},"EuwYbxTV6LjALvawl3wJUp56TylTlozE2kRBfTeaZvM=":{"valueMac":{"type":"Buffer","data":"iM22F64HAqmyB43rNKNpMkdLrtmG04q7SvY6fcV39N0="}},"E2wJIVqRX4BpzP0HXkI0BA4zdV6+IA/XIbKC8sq/mnE=":{"valueMac":{"type":"Buffer","data":"95BGTxn/ZpAmYOA/9nULQexkPR8QJWdqdHzUsfdEmK4="}},"E6ERrmCruFLRQXaCR7a4AmqgKTmPJlHrbkL/ViTOawc=":{"valueMac":{"type":"Buffer","data":"QlZ7dF1aAo+5WtE+0wNXHlqw2xn9t6nfiia6wi7Sn34="}},"FGJblUGrwgXfxuLusDf/xTSXkXqVTgUQ9r0ueZ2bHOc=":{"valueMac":{"type":"Buffer","data":"uyAWUWbCIa3GELzbht7AGmn7dxyjp7YVm7UukpZjQO0="}},"FKCogZYrAQ/0qU0FDtYwgMinOw7U0mIIo+68PMq+by0=":{"valueMac":{"type":"Buffer","data":"WFlDYMyem03ESs8YslAhxy+JIUzg1FhN91Aq1dFhmmg="}},"FK3OGhD4YfTleDgzz86SLBCdjn1o86K558pTKa3hQWk=":{"valueMac":{"type":"Buffer","data":"aS7/+LoetbGwCB7RFXq8Kl15Fj62tWb9IMTi68f0k80="}},"FYxqDSNfGGBS+JU9O4eDp9l/72lF7LgO9FVboSwNh7I=":{"valueMac":{"type":"Buffer","data":"MqNv6A4vPBIWKaglInlmbY82AnHr48FSQVSTUXBoi+E="}},"FjD5Sk0v2yEmMn3TG8eQyPbVRt9TUjlVr0dk4gJZVfM=":{"valueMac":{"type":"Buffer","data":"qapU6yeM5iRimy6Pc76a3BytyxWA1t6liJKEWKc3fAk="}},"FmvXBg3iTDtIIa4hWXuTCstnefZo5VDyEjL3yaP2D/E=":{"valueMac":{"type":"Buffer","data":"8nm4U0wEd7HXgCHht8FDncKko/iLiMgZULortXsBJEw="}},"FrJzH4AkGl2ARBacvV+4nzaj3RGibRxsvn11g4qkLeI=":{"valueMac":{"type":"Buffer","data":"NV3Y3XzB3/LLKoUrOcrCgIUkASUrFeUEoDwac1Lk3ME="}},"F5THVCbWqMbLNuv8obux2GWfnXlA8kjSqxMvSOHiEaY=":{"valueMac":{"type":"Buffer","data":"0STJ9Qkev/MiDyv3VKH+gqVRS7l9HBbuCc0m0/PhlOI="}},"F94yi8H8LtZGBegEJFRX3MwHNYWvw2dEIiIgxmPstkc=":{"valueMac":{"type":"Buffer","data":"o5JK4Bn1HmDkTdkbKeFxL5pqvbagL5huZs9wXI1ibmI="}},"GTbwWMVmlJQjqWMAzHuzfo7QtOacLCiJZIPjXkfCKWs=":{"valueMac":{"type":"Buffer","data":"F2uf/O8Jyz4YlT5k7YP3ID/d7rUME7hdzfloo6g4eqU="}},"GX+vjgVmdcKYXyqvqADWFXtsEivqnI4JfLu25ddq0Uo=":{"valueMac":{"type":"Buffer","data":"9GTA1MQQEwAooS6sxdRLrE/yu30dlz4fVLOYyEjVgyI="}},"GcVMPEnKtXssO8OW4Lki5W89y0UWNsGvZr5jU2WKQMA=":{"valueMac":{"type":"Buffer","data":"X2T8aAEjbA3/YteSLeScFijOkkG62XSYiwdv3SC35js="}},"GqA5zKJK+6v8ceM0ZBWXoOtEhM9yg9e/3C70BmicGlM=":{"valueMac":{"type":"Buffer","data":"sdP7B4HVKIrEP4dO0D6VRBtItrUz42Tsrd4ozF5pnWw="}},"HCQH1JebyYa3ClRR7SNQV3mg+N/ZBsRCrZM2XQ1gF+U=":{"valueMac":{"type":"Buffer","data":"6BtT8+Y5UNANYufB4xgSieL4sr/2Dczea1LMKcr69so="}},"HIXv4jdI1vSl3DeVoC+/Mb+PpMFCMlB0UrMsYrRJlIQ=":{"valueMac":{"type":"Buffer","data":"uVpP6HZkm4wpvtZpcnUfJdpf3Biv0ahcuWJGBF2BVaM="}},"HMll7PsWORw54jAYATcsx9CH2LtdwKffRGMwei+VDFs=":{"valueMac":{"type":"Buffer","data":"wr/Z5ub0VtHk8n0J3lvgNxLz8cUCr3pNxb5spXt9xA4="}},"HWK9gGg5K6VpDWg+kPWaKQWzo0WasaHPNeQKvM1bhj4=":{"valueMac":{"type":"Buffer","data":"WPcmFNNHO5tlmFyfrmH33mYRj5Ta4TRAFPpSKTY3P/o="}},"HWc7x9W7RcxO9m7W0AuvxEWfENSvKfOtqnHEvuM9Aw0=":{"valueMac":{"type":"Buffer","data":"BuhTHo53qnxOrdI//8eRVw6UhJQ2/+x+2QQ0v97hrWo="}},"HmEop0zvmmTTcly8wGzAlvw6fNwGrbJUH56ASKEyaPI=":{"valueMac":{"type":"Buffer","data":"yi6RjETwAdsSKlGH8UkdzHYJtUuhyGdQ9FWa8BBX5ic="}},"Hu39cqzb1kTG3em1rhWdX/Xmt8P/faW44/wJ2PMveao=":{"valueMac":{"type":"Buffer","data":"uK9QIEaTRTOiKtSKy5baMVH267Q5kxixqH88+RKFuYw="}},"HwYq1zdDwmMh35aIBB2LsAinBpN1yvaoV1mlXelpDxw=":{"valueMac":{"type":"Buffer","data":"Cbj2SWA3FSN9Ajri8WAe92IJcq8vxxAMS2Yg9BoyoAs="}},"IHCFeJFab56rIGQS9zURvHTSvDKp0DzgXcN7YGL746U=":{"valueMac":{"type":"Buffer","data":"azqs33aJfrwO2ZyBtmFWSq5jnyN/XK/OpliFiEqehQ4="}},"ILwQFUMAp1XJ1DGJWoDMgNkeysixKumbsfjZTtZL7OY=":{"valueMac":{"type":"Buffer","data":"qdxyqFXUWj7JdBJF4sxT+QOSlL2GFkivdStVbvsl6y0="}},"IRdlDEI88zM4gvZ0xQQzN0N2p4CxulM72x5+Fc2DnMQ=":{"valueMac":{"type":"Buffer","data":"9htvEfCuN3SkHPRF8peTAU5xvapKan838mdkXpZ+oSI="}},"ISzkSBmqW5aeWL6xeNAQkvyqgCGcZn76syyAejgpb/U=":{"valueMac":{"type":"Buffer","data":"WW/ChAKWK5ik5iVmWSXHgDckXPcVuPz0eieOQZRLSKM="}},"Id0BkU7eF3DE7hfsvJuMJmUpPeQzfv1umG+y8JaDggA=":{"valueMac":{"type":"Buffer","data":"RKb6kBRRiHL5Ig81vq24OUICXBgM4bEoUUA/xj0zY3Y="}},"Inw1jna0tH1YPfTNSR4bXDSH9yDul91O26Zr0Aw6los=":{"valueMac":{"type":"Buffer","data":"rNWpksAEUcnpVxjgw0eX/baGcNJeNPw1dFJtAhrbF9w="}},"IrHUY6JDSdKFQNVK24JLfMzEnJ2bDsAEHixCbexXbIA=":{"valueMac":{"type":"Buffer","data":"6X5D/nTSIt9GF/U37LvAn9fOe43cSqZTOzgYhBtMDy8="}},"Ise/rHGyUXwtDmJj54A1dlyUMle4t07+OnJ/S10JOv0=":{"valueMac":{"type":"Buffer","data":"XspJLSF/jz5JC39xOp14maBaTYlQS8A1JicManpzeuE="}},"Is7V7F+dpt9LQvR8vgRX+S2QK44DWu/WebgbpMko8DI=":{"valueMac":{"type":"Buffer","data":"HxfHT0pD44ZMk60Tg7vPY7IWH7KotSi2KT5dDaDPe6E="}},"I1DTImzhscAxCpYWmj5wh95l609bhrFGBVgkhXekc8g=":{"valueMac":{"type":"Buffer","data":"eGT+uhJ7pE2ghLt/HnrpLtNhsdscULEuU/ehwWpkxSI="}},"I220j8+bXFkENJJ4xPKqU7WBGNN6NZbapfjcjacgIZQ=":{"valueMac":{"type":"Buffer","data":"UzAmsF3EPso33U7/0XnDTD+lUYjbXjMpbzPJxgaWyng="}},"I7W5vU+vXyHU6OHiploZxpdyYjfjmiNV/XX5a2g1wZ8=":{"valueMac":{"type":"Buffer","data":"3tqyqQsiR9RYbg/S8HmLXLlCguBlyruprdGJ2gTEAhY="}},"JVriCNwB5NcoeGlylqjEiwpqkB92UW/uciF7huG87lQ=":{"valueMac":{"type":"Buffer","data":"xJ8GFwuUkWTpfZjWfyZz3JpTxatz12jEbMVkQI74Mi8="}},"J3CSdIhfxdTDHbm7f5Frasi2JD8R+tx66G/gqgEEEaI=":{"valueMac":{"type":"Buffer","data":"v/4C059GKejObZ+yyT796PE7nKHoEovyzrPgW0iHXTk="}},"KFRYWs9QF/EBxxbi/6AOS+t0x9gXNl3BwyPbngGM9gE=":{"valueMac":{"type":"Buffer","data":"4QyLphRNuyDsyC1dwduImBeZjEWx9MKr+c2zQAvu62c="}},"KHxLWz1hXRcSW++9hKVPPKO5xGpREC90ILjrSu9Ce5g=":{"valueMac":{"type":"Buffer","data":"gW3y+BHSJP++qq5yWr8oiXgtiCRPxdjZobhFZCR7UXY="}},"KLq7tKK4GheAdw9jWlpjYMK+xzUdss5krH6Poc+qPSA=":{"valueMac":{"type":"Buffer","data":"UewSq5oQrRSYsQtErxfn8hdGzxibCEgRr6XkTBF/DRY="}},"KN6x31skj62px7CjozCaYTWaPwuVQIci3Ga/qDyW3b4=":{"valueMac":{"type":"Buffer","data":"FWg2dWcBHg0Mg7v6Qh7bZrTRpEsmyQiI/M7XO+fZMC0="}},"KPqVyUjYlynYLXNMxOPG0Uuxz493muGWTQ5OdAl+V/4=":{"valueMac":{"type":"Buffer","data":"YpRh31MEWGuU04N7ReUclrrUhKrRc7Vzq7AqJ21Kdm8="}},"KkdloZsUit3LCGp6JStxcjgDnA/s3EaVBRuCCWNfdOE=":{"valueMac":{"type":"Buffer","data":"c8jVW+CBpePa+nv8wCo9ICYh7vyVC71n42oxp8u959s="}},"KtBlYuQHjpX4AG3niVZ8zFGjt7TLxvOWLF+td9mXZxM=":{"valueMac":{"type":"Buffer","data":"KX8AFgSqywXtEsI6yW6wc+MM+TVj+4vQV6UzTX/ASns="}},"Kyp+JfQBsAliS9sxtVOTqrM1ZWPIRllG+MqyBEODOA0=":{"valueMac":{"type":"Buffer","data":"7rjd6npBuU8/AeScA6pRQtC02vRs+jC802avan7GFjs="}},"K0VM6/RI85Mxhi/cSYg05iS6nfDEwTVObjN/2Fup/cw=":{"valueMac":{"type":"Buffer","data":"zo/4YD5IwElQLoHQHgWjR8r5GiTOPoKC6ZHuZWyoU8M="}},"LcoCyNlxpwlaxGDJzmQqsaqMAklr6cAcoeS7gEP3EAY=":{"valueMac":{"type":"Buffer","data":"Qx0h1WvkFyqnGg+WBLORZ6YKmRhaG3Tp5EJBFPjbf68="}},"Lf7MVOfzTfBepGMzFKPtUjw10FCLMjI+7Xc5gxY2+TQ=":{"valueMac":{"type":"Buffer","data":"aSXMow/7gA9qpFD2s6V3LhhQiAbILW2LzfVf+8E2TTI="}},"LlNqeJaMHTcmuWvWkc6pbzT+ymaCZ7UF61sYnmyz81w=":{"valueMac":{"type":"Buffer","data":"Rqz449MTjw3aFEwavJq/U+cTs2bLZp6kRG7vDqkz+84="}},"L30oMpfojsk5wEUgmj3ssOkpGqomM6+4JGYN7S9GXdg=":{"valueMac":{"type":"Buffer","data":"4ZUxdqOqnoV5MkO191tI1Zy7Hnlni364ZNrDcapVCX0="}},"L+yHZydUIP5FkfZd85i2FQwRaU4keCclnope48lno60=":{"valueMac":{"type":"Buffer","data":"+ussdf1urJ3vK+OcjP9q0ZScNveMJ+MlSTcD2CpuO+Y="}},"MCytxzcOb5eEAR9adjFM1CsEL2oQebHUZC7kcsq3Qck=":{"valueMac":{"type":"Buffer","data":"JTknrhNwIrdL+nnGBcwhg8Wp3ukX9NQ0pYi384L3Q6o="}},"MS5jP9ir+ARMyioI+/flNvbIJWSpuNbn4UDA0JaxJCY=":{"valueMac":{"type":"Buffer","data":"Vca0A3IkCBKZLG82ognPCFL2zpBFXlHWkGCeqJxvQTI="}},"Mb5P67TrinEsuIrmEok4YhFWPNXvicJW7EwGN+Uuw0c=":{"valueMac":{"type":"Buffer","data":"rxjv3x0FX3M/tAU8QsxbG2NxOsoiu1nfZU7qAtC4OI0="}},"MvwWIk+IsRI8hT4+DG4+58Yjw7Fc6tZOFd5le/B4iwM=":{"valueMac":{"type":"Buffer","data":"UJiVHTyxpmHEjv/ykZcS+4wME9zhOMEUPp0xgziFKc8="}},"M6yTCIadYyq+mzLu9BrtBtRGmEu+SlCYBrThbhcHwf4=":{"valueMac":{"type":"Buffer","data":"wfmyHzYxjeJ2Ymy4bPiNbWrMNQoSA7yFaYjxWdTNu5Y="}},"M+O6jhvB6ljxZiT7qMQIgHe95Z8ao6L8/PqiUo/+Rtk=":{"valueMac":{"type":"Buffer","data":"AjT3u0PX2SXMDPyEbni+EqrmLQe4ioeEmysPYYp7rLk="}},"NeNTge+aUTHrsYE2vM1S1CYDss1gOdee1lOlJeB/Yj4=":{"valueMac":{"type":"Buffer","data":"Vv5IQlZIpWQjT9Wq5Am/NOekRQ9Z2O5EGnjKWT6qVqA="}},"NeeN1AIGh2vjYBfZeuFOuQRqNDFm2goDb0aZ4YhoOAg=":{"valueMac":{"type":"Buffer","data":"I05y0ITiDBy5u0n11k4WKm+mjTComFKvOBfoKRVfBow="}},"NhUv9Vh/eg5dSqjEeazdeC4xPvDmZiphGqrDya6i0SU=":{"valueMac":{"type":"Buffer","data":"ttnGukjEHD2Qz2W21IZ7PZazgTQV/PiG4jEcFE2tZgs="}},"NmyhB5E6NQgEcOztD0ud/iHOTQBMPk/OQh7cQan7RLE=":{"valueMac":{"type":"Buffer","data":"Vu6vzsnawlF8RJKPkXy9eK8EXWTxTCa6MjIhzEl+neI="}},"NrYZoNNpY2QRMl6tgn2fKYaLRRF0qpwL/KHk4wImJT8=":{"valueMac":{"type":"Buffer","data":"sfS1lK/3BpOr7rS1Vmm5MGlqNNOMZzvLMDp6A1C9K0w="}},"Ntzb/Mpx3ofYswxCPHyziJKn2EUEX27hnKzGwprgVHQ=":{"valueMac":{"type":"Buffer","data":"i/qZ9lds2YvM/haj2FGLEtjDon9GcS7eMnLHvBoL+Cw="}},"NxlDLqYgmIVW8s6/ztXUmsgLuR2rVLS4czkD7ZiXl4c=":{"valueMac":{"type":"Buffer","data":"8Nsx9nSaBnV+K5mK0gy/F4IA0Pw4o6cHTcndoHzgb4s="}},"OAR1PO6ZuzCkIlUJMt2YDFnA4drSDZO/+/FMjD0Sels=":{"valueMac":{"type":"Buffer","data":"8wT2ybi2jz1CPs2D1yXcQxty/zE2e3SrLEaVCmO4aic="}},"OrbFElo/GE8bgnLCvGOw5VfStuzkKyipbMtnsh5xaJI=":{"valueMac":{"type":"Buffer","data":"+7Vy9q23iUG1GI8Uw2C9QLcumNzfffgFSfminy4NJAM="}},"OufdetD32+sw0tx7TH+2T2cqYIwPxF1rhHl9tok7Wlk=":{"valueMac":{"type":"Buffer","data":"jAFVYKDcbgF1OplOq8lLbcyhAl9N61a5UVaUwxLRack="}},"PBf1zAmRnlV6x/JMhmD++yN5xeuymUsdsT3TG0664jA=":{"valueMac":{"type":"Buffer","data":"EgrGfiAX7uQL6Azp+q7xhaon5sgknJGJgzwBVvMPlZg="}},"PCL5l2pUtnNTXczHU8zQI8qvj9mDf4crt2DaMIw10Yc=":{"valueMac":{"type":"Buffer","data":"ZRvEYhbfXGFILfzOU05UKQsJkT0ni29UiEQVBUOseQM="}},"Pojx2CPyLdJmF5G+svXW5SB//maLJBeThogOCwcl3gg=":{"valueMac":{"type":"Buffer","data":"k/A84/xiYox+LPIMHafwOsxQqFIln5kVwsogXawAyd8="}},"P9tfiP49EL7cf9pAWhfdtHerEDFlce5fw/5UqpfzcaU=":{"valueMac":{"type":"Buffer","data":"vZ6ldaGx79uuhfSkh+5NilLS3eal9+H8MbQhTMhIF8I="}},"P+O4fGFgjOw2oMsqXzQCHI6F4Uo3xkoEnIpkDfyh08o=":{"valueMac":{"type":"Buffer","data":"NAxqaXKHGiKrWG7+v7PyKatLDUa5Kz8m5dUrJDbwtWA="}},"QQYYLsKXywuX7iaCA9+4CccjDvniFdioZQIG+rLqWqQ=":{"valueMac":{"type":"Buffer","data":"ghhNxgY0x0ctGYPOu3cuyi9DELf9N8PGa7wJAfmAj0s="}},"QUtse6a/j8jxYdBE3wf28RRi05LUbWhHX/Er6uVs/D8=":{"valueMac":{"type":"Buffer","data":"3n9ae8wp4qG8CPJkINaVhPS6Q4dAN6beh8hADMG5w6g="}},"QablzJ+WMqsQ3PGSlxgRORJTnKBxYh7PhEUNlPlKrVo=":{"valueMac":{"type":"Buffer","data":"TEoWTdzO/Li9zxbSCHlPX8WvqoUQ27d+4nNxeg+Ytqc="}},"Qoq3EC31PPF+aMHLf2jjGfk2fMvhphhOPRmEphzkbJI=":{"valueMac":{"type":"Buffer","data":"aX4AA1URa9FYGX062V6Oo5Ne4xsMIeNlQneh4ycEUtE="}},"Q40ADiToqIcHEB02GmkSF5Mim9Uz94+0sExYrPXUdKg=":{"valueMac":{"type":"Buffer","data":"nDBLUhDCZTbL9DpXhTtNbmbqXgNODQzSTfdFEA0W0N0="}},"RbNbtnkWufqfGma81MiG5gpXe9xeIcEdx19VhXyRb3U=":{"valueMac":{"type":"Buffer","data":"jvt3H1M1/1MZ3xCNm4CpDN7m/8UDvW4aJDOH+Gzqn3c="}},"Rdq8iuTcb6dTNpw8U3CEQoB4ZXtKR8UW0hnoE/BLk6o=":{"valueMac":{"type":"Buffer","data":"OI/QR9uPCNyJIceUWqLHwAwMUiNYE4qHfeFE0x6fqWk="}},"RgF5uBijA6t0Grpq/5Px8SyRTqvCg91xMtv0MKHa5vU=":{"valueMac":{"type":"Buffer","data":"R4e6CxZTiDfymHjeJImJKChhg6UMO3DHTZ5VFfy5who="}},"RiNH7Pm7FNAzHszL5mktxb514AEgAkEMsfPcsdrmigs=":{"valueMac":{"type":"Buffer","data":"Hlv02V+fTgsrs1V5xTJw61cVXenxMVF8yQF7M4gKHT0="}},"Rl7/DaliLwY3iqtyhn2J4TSozWnVV2zpPV6I+Yiu7sU=":{"valueMac":{"type":"Buffer","data":"yw2FG2pNycDY4iSrypkL2y6xE/EXQ8AR/2tmYnuaDjM="}},"RuSl0rJxZ+Sn9YiP3I0tplEZD2gow1fSohPL5dxzGjA=":{"valueMac":{"type":"Buffer","data":"AC+iRsqKiuZ3Vo7LQIQSUeoFT/Dnfl248xRhUqWiFOU="}},"SFZiTu9SFIQF2BCxmEvnp3A8QmUMifaz8St2VU8emSs=":{"valueMac":{"type":"Buffer","data":"ZCHTwPOUDD2bNkUv3LHWH5YgTFJ/uB1zve9PTkzDbAg="}},"SMparpsvVGJStzvVV0ww34J/YcewSOXv2nnrVOf+kAI=":{"valueMac":{"type":"Buffer","data":"nPpEfEOxNp1gd+JcrSDi+p5huMRUoDYlJ7wX/+pbJcA="}},"SOjpkqaSefrlfQUyJeokAINhv61yHc0gopnpK0izgx4=":{"valueMac":{"type":"Buffer","data":"V+/MSrsceTT1QyWJlIaLwuJz3ax/jvmdbCeO/t1Aras="}},"Scb+G5CUuPmsBO4iLudS/4/XpV8YgTuma6+b6pMAonY=":{"valueMac":{"type":"Buffer","data":"XF8cxxfAOK0hKkX23D0tOF34dsRu6fVQUYdlyIvWgck="}},"Sc29gHGMv1yKUAREvFRLd0VGEofkAzrokZHn4uQGl0s=":{"valueMac":{"type":"Buffer","data":"OmwIjAXqYL++aWgGL/oFDYHw/1ISYq0Q6esTjpYrbZE="}},"Sge7z4UCgmI+bQnypO3v6zq2eapd54kyQtDcj8CyeaI=":{"valueMac":{"type":"Buffer","data":"HPPIeK8OLokW8vnNqb3XP8mVKv+UOVA2uGWyqLLNz64="}},"SnGMTP1DqWn8l0i7IfaaB3l7oELawnC6jKah6PL/zz8=":{"valueMac":{"type":"Buffer","data":"8qDJuryyr3l725Tc2JgY7HgcuXcDhJKnGKCOnElSaGE="}},"Snz/Wo56sXj+Hrb8MGyhHWJjIKmv3BS6rPN4oeL6YlI=":{"valueMac":{"type":"Buffer","data":"BLrVs7FC2tflfa75mS4rRmAI36yTbLTnA2ZEaAFI7LQ="}},"SvywjK9oZVIBO0v4AbAMCSgaTMA1exYLi4Okn/NEuh4=":{"valueMac":{"type":"Buffer","data":"u5J55hkuysEiSsJC5laU7/rJlAvE9xeEozscm9uUQ+M="}},"TTeeuR4QAjBB+8otgKVZWV1+eXX7blnclkHmjLfZ4Es=":{"valueMac":{"type":"Buffer","data":"YdhowdhzEM5JFYyFTiiTbZg/t4I+CioOL7NqX/FR52o="}},"TUVIjtjU7EFZzjJ2sAo6WpYS+bD1ncaxx52t5pNRSD4=":{"valueMac":{"type":"Buffer","data":"3aNXfDNkjMjIkO3k7gR760vTzn0bvD0FpR3rTdiagN8="}},"TZX7QW6cPf8/LsBnV7WJB9DdhXl73lIzEWJG462KhsY=":{"valueMac":{"type":"Buffer","data":"VC/pwhQDCVuUwhK4GR2rjOG4E76NlK1dDYLXLmBNfKE="}},"Te2jeArz7Ox/i/Vh3yac9ya6OPfxGZjZuDZWCviIqLQ=":{"valueMac":{"type":"Buffer","data":"xSyQJHQDOvVf+oPDQbzgcnq9aeDn4w+tpbTaGxXbolo="}},"Tl9aF4QjDxBxnf89vUTdgLnxuNdL4oJMcHhJvcTMB4o=":{"valueMac":{"type":"Buffer","data":"3qw+dz1/WkDYYiDjEKJSDznQao7cUhn/DBJv4dDYsf8="}},"TxXbIypGi89WkQYehOxcV+ooV5WMIpKSrWUA1CfDeA4=":{"valueMac":{"type":"Buffer","data":"g/q8t60moeiWYsntZG+AAUyNILLT+BYMQVJUSMU6d7Y="}},"UFD8F/Wl2LTzyZAX0PPnbv8sFtfUAlmXcLlU/2GH4qY=":{"valueMac":{"type":"Buffer","data":"4ufuuhZvn4Lthl5FGVWy2tFgYYSRg4HJ5V5t4bVVnGY="}},"UQfCCjtDxpzALfDNGuBBIs0zpvXWCgUBKWVNabk7YZs=":{"valueMac":{"type":"Buffer","data":"/g9vWjbCBCrd0eUv6gAjVZdvqDTjEmsNpwoiadnDeA8="}},"UhjnAR8UD6Ka9+jasC6oyPnwviiDJwu4bUuXrLvr0O4=":{"valueMac":{"type":"Buffer","data":"svqsORRJ+DVCpufuV5h6EJM4m0PlIcz6xlJJgyQCGMY="}},"UnN6F18fSqZuXnwe+m/zDSv8i7eyeOpJMwZaQEU7AI4=":{"valueMac":{"type":"Buffer","data":"F6T9AAwPWDv0a4b9m84Mjyg6/Iw+SM0n+xPiICaAMog="}},"Uvb4WT6Y7KvhcGYN1oEqRRyidbmHJXQ/b2I/fuoifLs=":{"valueMac":{"type":"Buffer","data":"JoevOCakM2+hNJUAmohW47M9vi/Bg/IF6gqFNl0I91g="}},"VkgUF3npv4Y/c3AnkzRpLlSOvYoSWdlsSDSsIMt1IyU=":{"valueMac":{"type":"Buffer","data":"VGrmRAOyWoarI6ksgzxkOkOmugYP3erXP84bKneHmq8="}},"VuRdIa3MRnN5jShQUqV5rRdBdPKiq3Dyg2n319UWphU=":{"valueMac":{"type":"Buffer","data":"AJfK0V2ZLsK/7CnDDcMxPRb3t2zxR1pFOwSiCNdI+Bc="}},"V02ZFsZcXK8ZR+PnmMq3KET5gVEwHnvYPHikXC/nhZ4=":{"valueMac":{"type":"Buffer","data":"1NmPLc+eIYvzL+bd+pm9Go3Zi2gwWS7+eebTTTLmk3c="}},"V5NI7vGklddQXS+E0UWXWCYliuyd9xU1edskwm9+vtg=":{"valueMac":{"type":"Buffer","data":"6zkwYd9IIxUkStJOizYq42i3J2LGKsDQtTVic/KiMZA="}},"V7C3jFv6RU790Vq/E1r7vmyju6iqDEbWFOAN7e8Ltw4=":{"valueMac":{"type":"Buffer","data":"xRtsuQsvx0C8lZ+o5ccnQJWYahwCMBtPWIXsQoXbjlY="}},"WD2QpvuXhxPCVj0clQBxgZzKWPRV9xfbEbNytAz9Rz4=":{"valueMac":{"type":"Buffer","data":"oMfp8nrHEjl0jL7apRgG42TgE7LENklr2fvEr5PAw28="}},"WPYSoJV7GzAnujPy54BwgZoWj4vuDhU5lmVGn4+DLXg=":{"valueMac":{"type":"Buffer","data":"BPxVQial2l4RU3cnPhdRxF/iMj1JTdcnNi2DX3G/jak="}},"Wqzm147RiHQ+tJD80JdcQax8qsVnLLYbY8h2O5b0S/A=":{"valueMac":{"type":"Buffer","data":"VNeIuwr+kSnIYbzPWRu41V7aO9Su3HHTaaUlOZafQiA="}},"W2QXAskmSN/ET8oJUQWVhiw3ZslLPXZ3+sULkuFPMkA=":{"valueMac":{"type":"Buffer","data":"NRPNGxkldItSAb8t07YBH0NpiaRVwKyFt8t8I+lAFM4="}},"W/Mc0eTFD9QyIHwNdezLPBu6LlA7/k4VXgojaEGKCbU=":{"valueMac":{"type":"Buffer","data":"NdTNJgCsE0yIfS6TLoVOG+CcqcCXAVJwFej+6dnCWg8="}},"W///AUYLsF9QC0Lp91jSI3l/yTFfdB0PT7o45QVjjVM=":{"valueMac":{"type":"Buffer","data":"Z4Gyd5MUttz1UQMG7iXstpicNNx5ioW8Os2Z6at63s4="}},"XOWZG49btb0AXQIV0dNZ4MhkhwELyOl/DONANbnxcLc=":{"valueMac":{"type":"Buffer","data":"mghSB37FVPROYbGbwXF39hMBvvC5m+3fNvZFGgHMiFU="}},"XPAq/uIfvUJtDNJMG27L7xnTYszvDYmQCFPhZfI0llg=":{"valueMac":{"type":"Buffer","data":"FtKxIp3I2u5BAglDfvHRcuAHY4oQW3zTWhcC631BeyI="}},"XodWFvUzVhGJ8jqvPMxhWAbUBGS5rQkAdPEidCh0i+Y=":{"valueMac":{"type":"Buffer","data":"HHOKYTjpxivrWl6tVMYTRi2oCm2g9ihtvfvqZFc2cy4="}},"Xqbl0yWP46UROTSwuFUKydArTreVJrzXBhX44BMKVto=":{"valueMac":{"type":"Buffer","data":"QjljazYEBHUtki5iBqQlrnhJA7S/HJ5xmYi9e6j4FKw="}},"Xsb5QHbXSappuwvmAnqzU1pqH31hisyNeyvJcrrUMAs=":{"valueMac":{"type":"Buffer","data":"1y0Ns2EoGWRO+0SFndSiJ2mIgKfudEPhiwYBZn/eDnE="}},"Xw5vvRb8pVqfcQ1tr+1oA7OEX8s/g9EkpTvayCOAx+M=":{"valueMac":{"type":"Buffer","data":"XjUx8aW7O/H+mmuylLaPNPRyasncuW2jcgE0FXqSr3s="}},"YG+N4jdmH59F5G2ajTRBw4OsI281TFbgvtP3vvstR4c=":{"valueMac":{"type":"Buffer","data":"v4YjfAUYY9pbnj7ymw2wZxnSHW1Re9AYlMNS8AE/ZKk="}},"YJcA9lvbZyguDJm+YA2Y3t19+dRnpnzgFmQ/nrh1VmM=":{"valueMac":{"type":"Buffer","data":"+x0ejdcCt7kG/s3QEBk+MGVRhq13n4pOprgzS3l5DHk="}},"YRwvAFtvz0XMlfjIxrRrC5QO5ycgIAA6ZpIBFavGoSc=":{"valueMac":{"type":"Buffer","data":"RQc9p4b9FoJGszv+HfZgK1h1paC1p5J5aR8m9d640ps="}},"YVTga/8a5nwmkJw1SvzVYFKPe8nMzSDb7zPUuq6S29k=":{"valueMac":{"type":"Buffer","data":"eiU6hhtN4xujshgvK5Y/haVXkY/2gs3oUh5K8HyPPhw="}},"YZmaKBid+GXj0YHgmdz093dDJXVxdGt5efHBTOpFkvk=":{"valueMac":{"type":"Buffer","data":"xC7FZxlUfY+b2Js5HCzZCrS5TckcTZFkGCtTjw9Wzqk="}},"YtUneX5XezpsEfQhwTkrvpjqaNXqEqKUlC3f5C8jTcE=":{"valueMac":{"type":"Buffer","data":"UWc9BU2dzonyeH4geCP2H8sQHQDZ7XdnO5WkK6wsyok="}},"YxZdY1u/VuPK9sVTKVumVYqiOu5QMK/9CAGDmdP1qiA=":{"valueMac":{"type":"Buffer","data":"W1L4JRSQmIMfB8nONYjXIYXme/XP27hIFBuGffgMdwM="}},"Yxxkn9BVrO06WLDmuSiI7FpVB7Ah+6bRNV1nMbv53sg=":{"valueMac":{"type":"Buffer","data":"UwQOle6INdC9CSr4bJEu7TlLGF54Z+8BabN/dTUSOV8="}},"Y0zpYDkJa78xuXjSzzAKSs9+DVxw+g3Ds60jAbxkXr0=":{"valueMac":{"type":"Buffer","data":"m2Jptr9YuXv4LMEXNM/MZSUgfQuCCeqq/HVK8Oj5Cjw="}},"Y2zGoOaEUt0X8xjfXFEsDvpqoOF/O2SKdCgkoFVXqF0=":{"valueMac":{"type":"Buffer","data":"tAPhgSMDORpTr5bsfyY8mmCRYn/OzUgZzXtf/N54Dpg="}},"ZBjvvL13OSyiJlixWgg0LCWprJjL6i699jZo/7Mzy2s=":{"valueMac":{"type":"Buffer","data":"d4VS9VNL7vlfh4jV31bVUKp9IpTmPX8OCRUM2Dp8pO0="}},"ZEFTxhRI4W43yiRF2Gc8ggxR33a7QXHtq0WjQmCNOJA=":{"valueMac":{"type":"Buffer","data":"WdeYcq3WtmhWLpCndsxj5I40xb3fooARCNIo0bIGYJE="}},"ZQlCZGqIbRiBFAEZnRNpse/nA2HDU6+kIOzHwoOu6zo=":{"valueMac":{"type":"Buffer","data":"HkQ5+BMUloLMhCjvZf6MUJLhkX0tFx0xPcxf5QeeWbU="}},"ZRdwkaoGDa1JuwvIO8QxwooCf//z8OjIff8Izn8bJfs=":{"valueMac":{"type":"Buffer","data":"Wh9UUfx0wmaqvs5Jyz5OU8abgf3sOhuzDy/5O1wm5dI="}},"ZSwgDzNwRLbnY5DFlobbIA0EYiGXEbCwwqA6ZVOtgHo=":{"valueMac":{"type":"Buffer","data":"EmRpnyn0MwGibYvJ6cLIrHlH9tLU367ID3Xku6ve4vs="}},"ZbI2gWUzv+aZlbTMxreog9HIzlgqzyjB6WWVUC5k3ww=":{"valueMac":{"type":"Buffer","data":"KM7J03zPi7xoUMTKT+If5+v+wO9QpxhwpXD8aX5u8sU="}},"ZiYe3JUkFSPzbhCOd3N1QNvY+2nXEvyVcZphZy77H6g=":{"valueMac":{"type":"Buffer","data":"vGPvcVk6rECFnmPTrEccJru8xft88DF134QStgWy0Xc="}},"ZmFWeOTCdlNVq0rLGLqlGsh7An9P1YFrd11RoQ8FKUw=":{"valueMac":{"type":"Buffer","data":"cJpMIQZXs8/sZGKs60mMX1Q/KrW8J22jgjBCg4qYhzM="}},"ZnKsL18ACYfi1SGKaPtL4eFvoaWXlYgCiYiLwmgVI7k=":{"valueMac":{"type":"Buffer","data":"n/d75cqpjNun37iRIpg6PmpBXgC4s/Yt/7FoOuxvF7U="}},"ZxcxFNDWOzWc9iLcmRQcP+QaAdDa1ta+cxmfNIP67q8=":{"valueMac":{"type":"Buffer","data":"vpezCr4PJiOAy0ztPxj4OcahdIhAXJ5FOeYGuLpd89Y="}},"Z6jR2ekKZk9sglCqF+Vdc7O0aDC4icyL8bpHMppTuUI=":{"valueMac":{"type":"Buffer","data":"KFGZ+Augpow34/pC4uXsb6HfmRs4bSxavDMpgtiYo8s="}},"aFeQBwMZZaVdP5ZM4UB/V3ZiM5uYm7LkUbe326jeSQg=":{"valueMac":{"type":"Buffer","data":"IaQyDs2WexIbDt8Gp9MmhRsUM3IWcugYn3mCCBScaSA="}},"aTUrC3hDEfJDQwoqe6mTL5b3nhFwt8jgI7Ctvna04Z8=":{"valueMac":{"type":"Buffer","data":"OVEkNuSgwrsdP1Ris4W7GgtVZ+84YQsZFcpnjKVX9m4="}},"bDltBwJZ7XDp8X8UFxWisr07mBfEeTejh0W+qWTCceg=":{"valueMac":{"type":"Buffer","data":"MwDM5AC5GipSTx14klL0BLnmU8saQAS2Wxw76qh/T/s="}},"bGpDIamZBd1msm2T0HLeNdH4qJ0ZZZIvjhGvW7W+Oqs=":{"valueMac":{"type":"Buffer","data":"rsEtDTJJlAlHF5qB++nuRY3F/gWJyMJABVliNwVxel0="}},"bLR1Fvnvx2F4NW3wWwts33+PjphQftsuqLAVr1s0YkI=":{"valueMac":{"type":"Buffer","data":"AGdQ7Uv4VnQpMYhDcUjpBXUZ/ZajoMjYs8vk2I5kJ4s="}},"bR254hpfU2uwZI9RSKP0pII+MhSm97hlcCyb1WJkEUw=":{"valueMac":{"type":"Buffer","data":"2kaAWozQAKY7bgiBrmgCCisGw7kZEusC6LucnFFD/hs="}},"bd3kgsV7jY/8MpmaWKazTCd8/NjijkpgIrGt4nvV8zk=":{"valueMac":{"type":"Buffer","data":"M97JDldi/owSIyix9bPPvDsyvDXTq41cZtdNTZ2ftT4="}},"bmL3Nm2vdITi8E7ymnrQadZDF0elQfXZIZFt01kCiXE=":{"valueMac":{"type":"Buffer","data":"QRoH6OzI7KB93yKKGqJbfXP1UnNfkb3ih54j72Om/MM="}},"bsLJHkvQ9bnZucUVvt6EmoJ4HaDkl13CaYBk0ncaa4o=":{"valueMac":{"type":"Buffer","data":"vYcZwgHz74F0dpK141EYWCSs/6C4TuBK0MC7LDbU5UQ="}},"bsuVWKRrUfL0olOQ5XKzJnwiC6qS/N2xjFUKs5EjVvQ=":{"valueMac":{"type":"Buffer","data":"N/ECKBeWgsSkKvfjYvU7evQBwnFhF+1vjOMXuJM15iA="}},"byS8wZNXg/KmPpAn6q213w4Sq/AJzO3Bn+2Q+aHu+c0=":{"valueMac":{"type":"Buffer","data":"n66ubuFPLYRRSVZrqtBF1KhOZygy8gz6x/j/OHcwjpo="}},"b5aPGyM6z7AitVZrv46+aVZyvuOnNBvgmSxxUrECEdQ=":{"valueMac":{"type":"Buffer","data":"mzWX+ZValmpqzvWmXhoCb1zp0YOrom0jH1nVjJmXLn8="}},"cQKTnyWrQk7qISZA9zSvevivq78ZotpicmNAZ0Cht5U=":{"valueMac":{"type":"Buffer","data":"wFXHRzYZX11mIHj7Ep7NTd7vm9nmq1GA2oJx2Zumcx8="}},"chc0cklWboy3wIKqIX9SHxpzNaeV7cf+U6fN28cLxTY=":{"valueMac":{"type":"Buffer","data":"ahMyksobsD2bG9TG5RvWz7zyN0TpEPfIBSUl2462zpg="}},"cjuTzbJofJ3WdzCEGhcVUdBnfkFNGwqxGCBCZiEEqwA=":{"valueMac":{"type":"Buffer","data":"yNXbIaAkrW/w8Ylj1eQvpqOq68HvkmhwW4FcWTp4ULg="}},"cr/TLj/9/xLB4ypiRrrCMp1PB1K1inNDjUdiXUd0cPo=":{"valueMac":{"type":"Buffer","data":"4LHe5rkPg7neUBfZUCLLiCrvW1eTcyRon7xN0VGmdtg="}},"cttBprx78nPnP43NSNgW6XUfXLIMPRPr5z8e0G1ooUI=":{"valueMac":{"type":"Buffer","data":"Bm7M+n1eVRUSiBRSJNMo7T62vKJUAb0+oiqNZsYA/mI="}},"dCbOKYdM7Jy414Lsr8oLQKDz9BVoGqNk/jiMxUoy63s=":{"valueMac":{"type":"Buffer","data":"ro7ZhO1O8YxhJ8JW4Wy6LST2SvRcRMRHisFuL+5m1b4="}},"dDcIH9zH7+5VRVJGYYNJEFAuHf1wu9PKcIxsIcCrQLI=":{"valueMac":{"type":"Buffer","data":"Bsdy83oDicN9BRXdIy8ffqXETKTS0di17EWcso5W+kM="}},"dFIQSp70SP7t3A4aXRVbDV6K52oVF8BQ5DO7fTU5YX0=":{"valueMac":{"type":"Buffer","data":"5i82INvOFtao/3enMFKfhXgL2STN0zT3s4ILZTe5f9k="}},"dGOZiL8Z5JBGejWXfqYogp6+UPeTzmfEWLYHSoJ558g=":{"valueMac":{"type":"Buffer","data":"HzCFf0WJ2UQ3ekiCTO9s2U507gL6BBwlHGC4nfggYFY="}},"da16EI15BwUfJPapNqfpr/Wx5pq0E/idcquxKHOTrdM=":{"valueMac":{"type":"Buffer","data":"YEzItMNrn8iACx9xrgHcILp9z90yGVR9iwCr7whqeq4="}},"ddIDITrTY0WGK6p6vgPJ39gVXAGNBM82d5Xpi2tvla0=":{"valueMac":{"type":"Buffer","data":"ezJNqadgRlOP2rPUr/UImt6qNAV6m73M2LC/hELKo5I="}},"dfNAR2lot8nSFqF4pif5EJ/Kxfl0Z/v+X1wlDZdRhPA=":{"valueMac":{"type":"Buffer","data":"FV5wsQ1OOCMFF+edr3LKBAeWAhoDD9xzpw8kkgNS9OU="}},"dnhyIoIUpY+e54Ebh4AKzgyATIh7kuce5jSS2MFrPDE=":{"valueMac":{"type":"Buffer","data":"J1czBAVqIYt28+pdgwxUpiTUUGkXearY8x+2bI8R9Oc="}},"d7SI51Lh7luBNLCz9g56J7Sf9EyMqqTSwLydXrc+eyY=":{"valueMac":{"type":"Buffer","data":"BxAjg93RBmwLt7FZ7V7f8NRCjCEK6sDhsVejqHPxqMg="}},"d7/CN7ngJ/+89kaxXzYZKgLx9pJcNj43JdiORhbjOKA=":{"valueMac":{"type":"Buffer","data":"h9/zHCuH/+fKYU667zms9k606m8LbiAOERo203n4cLc="}},"eJqVIyKS9MdarY+q5dpgfJEXTAAGZRR5nCm63b2/wgs=":{"valueMac":{"type":"Buffer","data":"ib8MhER83HmfIdtFRejThdaOnlhYzxX8LdzcA7hU4NY="}},"eO1G25PrBja6KP9gHU3Z3Lp4firMEBjwjYh1aobyP9o=":{"valueMac":{"type":"Buffer","data":"KNM87ZnK0KmquWCUQSoKgXr8KtQYZ1yQIip6o1rSINM="}},"eXVd1bvY47yp9xLgcn8bkh/M++TSxbATspivFXo5rQ8=":{"valueMac":{"type":"Buffer","data":"P1u2xyyR+8upZ6IQAMXm2t0t9na/zs8OD6n2FmEzFHk="}},"eZC2ey5aZkvNzgPTM+ArdYlJTWVoQmbr6q1oJd1XM9E=":{"valueMac":{"type":"Buffer","data":"LIVhxlQ7TzbHN5YrW3536afT7S0gaFb/CqrRFSOCZek="}},"eqfCYWfhUA7nLB0846TcsTKjlQSTJWz03Xg4GJ1Dx1U=":{"valueMac":{"type":"Buffer","data":"XKlJQBQkcQR9+dLDQh3/C2iePtsyfF+UIHf0CitIqaA="}},"e4hSofzPEZgomcVkYgIzO/Qku7w6RovrvQo1HjuOD+8=":{"valueMac":{"type":"Buffer","data":"csrPxbNHBLDoongEQ50LpuSEPlzbbPgDiuqovbcK7x4="}},"e9GFERBxSLvq6Exfe1BBA2nVKijpyvbBy366xRgB3Ac=":{"valueMac":{"type":"Buffer","data":"NoQEGhYNAeJkLCs/theDAMVJhQj+BdNibOxzOXhuoGY="}},"fB8AuSgVpAL0HGt3dydTe5DYj+D7TLBH6TFRL0H2Cy8=":{"valueMac":{"type":"Buffer","data":"AhNNt6HzDEmJV1cmJy6I4AweIg3gNP4hiPfAZS86C38="}},"fDn7fgy3N/8wQ+eLVUrLjmnwGRylg74z4RofRyZxSLQ=":{"valueMac":{"type":"Buffer","data":"kf6BF2L6FS7c/grOjjyk5CqTH6yYVnoDbx6WNmOBJow="}},"fVwc7Mwy8+UiSH0LdiMcV56whFrQjZktjxlRaRhfDP8=":{"valueMac":{"type":"Buffer","data":"ymm1rrkn1UZbUTf6zxMmxrnoIYAqKgFjZw3uquA+PVE="}},"frG9Ha0hOYdvNvKO415XEDhva/i8/jN2hU+eGldjXdQ=":{"valueMac":{"type":"Buffer","data":"/Fg4SsHKkcGUkz5+gMVVUoE02gMfRF/nWOohNFq6afE="}},"f3wyx2fjulD8CJ5XBhlilJpHN5VisbGuVPC2bKZPb2g=":{"valueMac":{"type":"Buffer","data":"ejBNL1z0I/eiJQx+DQKSSQ6hY//QT+KXT9LJXYZA9dE="}},"f7QnOBj3OowK+IczTLH1j2QHJdQOusliPkZ6s83kEjU=":{"valueMac":{"type":"Buffer","data":"OAF+FY6oguvYN5FMiaz/BZ12gXIvZaCV8aXFaXGCAX0="}},"gd5O56XYdC6UBqKE5aSGMSyqF0GHKe2dvQSmZ6Uwwe0=":{"valueMac":{"type":"Buffer","data":"Dgbl8PIueRQLs09fezTSK2xDNDYnajEKoGSwS9qSF0w="}},"gmoIT3NzyFudIYvp4jnwTxwMgjlZklzaq6SeheebE00=":{"valueMac":{"type":"Buffer","data":"RhbCEYyijo6Kgk+NRuO5AP5wQi+xOrWKhkF2Y3Lw4MQ="}},"gzWzaWBvdA9RwVXq1nLU3UBlS1HqkXE6IkQg/O+hQmE=":{"valueMac":{"type":"Buffer","data":"6IpfYLs6miu/QqolyIPtPH4Lrndpl59pwuITgY0vwas="}},"hDdi4DjkyEr1HpLu+00yeWFJ3kcP2ZYHTxubYCFc8Zw=":{"valueMac":{"type":"Buffer","data":"x5d5uLDUhFTvlBpT29Kasiyf7pecqxDBL7L7+uNDP4k="}},"hDkk16eVNaPnhMXhxTDa7ihze/JEM6PWTNUXX9/FAds=":{"valueMac":{"type":"Buffer","data":"P9Kkd2VQYzPUd7oJSECurv1rngE4TstCRoXLY+eevk0="}},"hOYcnFdEh2OYxOIFlJFWyUTeq6iXZPeRcgLk7I1eohs=":{"valueMac":{"type":"Buffer","data":"o/MFqHCRXX4yEQ4hxCm8jOfsMGeL02YrQu5VG3MvQG0="}},"hOsYzG4qzt+lUwsTib0xiFLy0qd1q1/lZzYy795dfjg=":{"valueMac":{"type":"Buffer","data":"sA6OTUPgJiEgiiPfrAyD1SrLgp9l8A3voBOLeB0+pGg="}},"hXgF5K8RetuMIazT/kJ4ca75lv4/xU4TdC6rm375LuA=":{"valueMac":{"type":"Buffer","data":"iP7cjZqxXfRZlqngFFY7SvYH2/MmyamyiXCYueFl0YI="}},"hZNH133tJMJXugXmG/N0w1ydm6N8xULj5bVmPuv6QNA=":{"valueMac":{"type":"Buffer","data":"mgeuPDQGZ8NSC7La8JB56RYKqRK0AvMTN1k7WFewGGg="}},"hiCRHCndqCWSGfv4RX7PiIQEV1zlSfebojaIl9OKXiU=":{"valueMac":{"type":"Buffer","data":"oQ5fYOHxJ5YfxTgFsJnTRcBbTOnDCSW854S1PQZK7YQ="}},"hsaOJSaa0UanCJkgQO8C1dsGjTxVaU7YdIlKzqdVECQ=":{"valueMac":{"type":"Buffer","data":"ss0y+gaHDjkjOtY3m2B6w3NrOySJEP8zEylAUKlrwug="}},"hukYTKHzsEIdO9bRJ8NEq9AdK2qLqMKUoNz+N20UqWY=":{"valueMac":{"type":"Buffer","data":"Khq233wgTgLNAdOjDL51atD/e+Lb+d8AIHGOR5mqJ+U="}},"h14zgZt0TPwOUOEOYcGKAwhwqxVhq69K5C00YCQAwSY=":{"valueMac":{"type":"Buffer","data":"zznzNF+CzLrsJ/yl8jVaUpRebtk6V+t7Bbjuu5KWmIk="}},"h5FgtOcqQKIGJRAI47leskmEQ8YaMGqtwvKVU4TIyZc=":{"valueMac":{"type":"Buffer","data":"OoX/ypww9eHaCvmmeuxHxDzCNo1t+7VweVPmX83X7SA="}},"iY+nAynb5DDuW7yGNwLK96UnYg8mynBcbnqguOCmNGA=":{"valueMac":{"type":"Buffer","data":"QWUNwfLOM6IB97ytatNWcwUdxvFPT5Zu0a0LN1FPAb4="}},"ibsvtwrIzZxUb3fz+jwG3QJgdU+OQ3KAX3kGKcFHb28=":{"valueMac":{"type":"Buffer","data":"ahwiSCf8WFGOWgHb9TP9z/mPeuBiAhSO+MGGvxROFEU="}},"idQAJJnuI4QLYqxOhSLQ/gVcdCKz1s5yWC/RFexOJCQ=":{"valueMac":{"type":"Buffer","data":"3A4T1i7FvBa65T4IyK1iCCCGIEo/JOSQmREeSVtoIao="}},"idxgUk6/Zirzdcw1yzR4+ncbNAxWeKPbSbO1N/dTJiE=":{"valueMac":{"type":"Buffer","data":"LNOejfAFg4AF2qfw9dJD+Uj+jZfmgFRL62ImBIQxEqk="}},"iqnv7TTGbVhJg4ekC74PeRV0weoVqJ1kXaFlq0RP2q8=":{"valueMac":{"type":"Buffer","data":"QY4X7+ZImLPLLMTmVDsZXt/iFnPTPX5LnXO5KSoakxs="}},"i2J0zycmpDe+l/kXReuMV2kkzXRq6FQGjFx8T0QvD00=":{"valueMac":{"type":"Buffer","data":"HXFC7hJOq7oD0T+oQoTyxbQYAt5HaVtxdUvprh77aG4="}},"i90+KLqn8nP8bqOnPudDqcAxC5u5Ep6D384LJXNDIBk=":{"valueMac":{"type":"Buffer","data":"1nE/L8WygK0MRfjov5gd1nbMJqIy5jpaenS/XDsFA8Q="}},"jRR+/moLaop5S/w5ERI8HzHr+PjjQSEeErgC9M5LEQU=":{"valueMac":{"type":"Buffer","data":"QzB7onmee+Fl7OjqnIHgGc9xOpuuXgget5at5rdc4Uc="}},"jgcU6Mci6ltlKyAJudMcpLZNAk/LPx7noe8MNahi+kA=":{"valueMac":{"type":"Buffer","data":"VCfzbK28+PlmnmW8IzQC0IELAQ4vImIG1ajEJcQ9T/s="}},"jibWVKx4qKCQdUkmXWwaS7MB2TgAHaFVdqjiFZsjeDc=":{"valueMac":{"type":"Buffer","data":"FNJoTxr6hxIi4xk4OLcr8nBrYXyIN2LY4id2vZc3jEQ="}},"jp4q6PPbS4G/Tdl/HfJmHIt+ciRJ+MZrJFhrXPVBWQk=":{"valueMac":{"type":"Buffer","data":"Z3jh7WGQZccNgoXiUHFCbkcQf7LitAb47LcR4EtHs5w="}},"jr5J8iRfNXpVeE52PUrH6xIkG+5c4nKE/UanpweivhM=":{"valueMac":{"type":"Buffer","data":"lWqX0VBq/DSYjmFJfnrm/mi8cFPLBZGgHxt49hXxeYs="}},"jzG+8UrKmt/CSwfY4mILegxdEmwLvoYm1KR+GBAAQeY=":{"valueMac":{"type":"Buffer","data":"GxKKZDPpNPs+P2C72jkWFUMGIVzbwno87UfksCR1i/Q="}},"jzsVu92j55nfSOnnC3VYFXJjtXnsXls2OcOnsgh4z4I=":{"valueMac":{"type":"Buffer","data":"vmx6aH3D9PrIHfHWnLQK/wk21Fdfxvaox/GWkaz8d14="}},"kPc1Noee9qsiRO2+flLhvooLesNbD0o7YNcC37bSeY4=":{"valueMac":{"type":"Buffer","data":"qwfSKEPPGv5bjTWwLf8J0GJ5EcYdDZF5hc7pTW4bOMg="}},"kU5y8YM29V8RvZu1zyjbeniOAC6XMuJY8AFILc2yBiM=":{"valueMac":{"type":"Buffer","data":"+Hr8IfgZfoMuGPsoYKYNqkVSe340OfjKfdA2TZO2M5Q="}},"kqwaU8+f+CFGftZQ/BFhw1PlnJQiMERFd7bVtgVZSk8=":{"valueMac":{"type":"Buffer","data":"eRYtZXTDEfQWpB3W/mRUxjxwvSeCcMVsado6BdDhqPI="}},"ktuL7rYXmPvF3r2dOy6gsIt9nIyy+cJ1ep57KtlvPXI=":{"valueMac":{"type":"Buffer","data":"4OJzQ8nxo52GpO2jO1fWAgO9EBUIl6zkaOeJCDyD39A="}},"k8rcczRzkz9Vffr0KB1xvTMnv9sbWEpEFgK9v3x4mRQ=":{"valueMac":{"type":"Buffer","data":"riXIwXB/PcNm2JNMkXuuAjoboA+FVMKLIOat6KNd540="}},"lCGapBiJUPjyj4Ogpg+3M94ZVlnsspnUbP/OpThxhOk=":{"valueMac":{"type":"Buffer","data":"QeNVcfdi84ko3GRi0FvnkVFI8/0yjBdFDRY1nyY/eKk="}},"lHto5pSlMtLPMWyWjeM0nwsDIgv3qVmSDKksulVDmNU=":{"valueMac":{"type":"Buffer","data":"LpxVogv2WVwIImtd7WKzDy3ugCnLrwJnRxiThjMA8js="}},"lVaHGzv4TzdKxXmw6mkOJuD/TZey2wlSgy+f1pxudqk=":{"valueMac":{"type":"Buffer","data":"DnJbp+JBofsid7MJwAZCj6qumIM7mTO0mycKkQZL/vc="}},"lsoGNLCMStt3RyjwpV4bTt9yCx0S4SmWf6QKvjCJ+s8=":{"valueMac":{"type":"Buffer","data":"yl+qsUCtChbH9ItDkawJBGGZOedUfU5pHR8gUD0sY9U="}},"luejsEATO5aOoAng5uYZ85/1u30gTIFSJy8DrhyTHP4=":{"valueMac":{"type":"Buffer","data":"f1LqBiDdvJBxc0a+O0fiMpTKA7lHzEtGGWHIcXs9tEI="}},"m5Ujndo/zFtnkOEpqw87tp/ZBdDEH7rr4xZcaHX2q1k=":{"valueMac":{"type":"Buffer","data":"xHCwj8mwiD0a4URwlF4sPxKbHUe9gsySzd047Q7cfs8="}},"nPRz9sTLePJqTzi06QMcrwLgmvtb3vCqWK9iJ+TPsF4=":{"valueMac":{"type":"Buffer","data":"PLKNV1jurGQbEVo+GqUQ9gVVnlbyS0fA9vc7NB8vglE="}},"nQQEMYbi5juFwes6wLRkRgtxFb36yg3tarQGHRnfznY=":{"valueMac":{"type":"Buffer","data":"tExYQEItiNQKjZiKv5yqAcSwmGdG0HCjRQs7JukvPX4="}},"nY/UN54OmBugjBkb7TD9T6o6VevLQxjXpqvFh3AlAIU=":{"valueMac":{"type":"Buffer","data":"/RstbwB8qHAyOYJTMnYzqwtPNCGfoHe/N6nwrJDICRA="}},"niNWtmbAutcYTC9Tzw9AbM4frebJLbhImP52OA4Korw=":{"valueMac":{"type":"Buffer","data":"WV/7pZtEEzzlTjg9hmILqtZ5HzMmEOgcpFyUG1ojjFY="}},"nrL1ZIruP+YXD1quCOfHKrtsvzL9ml6VDSl5rQeMep8=":{"valueMac":{"type":"Buffer","data":"J2cmNkDmXGtAn72UJAnebLDz9SvriIFYkZLe7HQrwT4="}},"nsjolk5PZmW++9RARfiEB1BP8HDuPnxdhMuSCH7WaDQ=":{"valueMac":{"type":"Buffer","data":"54F87DCpdrNCsYVi3uQg0CeEGOFA9xX0o74Xt5xNsf4="}},"n1ZP7ukKXJxqqPGjs3frlNit3sJAScfSfRcQ/uXkBIY=":{"valueMac":{"type":"Buffer","data":"MCqJ/TKvUhfIUZRWmVO7p7TTwmR4Gzy7xi+I75Jzn/U="}},"oBqnxjSjtSkC4NYTZUXS/n2j90AtP4mwKMo3SWv6W0c=":{"valueMac":{"type":"Buffer","data":"AJCi4/9z9+XpSAxfeaPIZtzX4FTq7BKpZFfGqchlY60="}},"oIEkMv94yfwvBuKf9uW5fpBYGkAyjzRWtinKYh7Z8Kg=":{"valueMac":{"type":"Buffer","data":"mnvB0Nrmf6VfXfXvP9B5u7yEJWR8JVVO7QqNuNGJorg="}},"oMkJ3zXHKFFsTtko+0IctIabhbv4e3NkdGo6aUvjSE8=":{"valueMac":{"type":"Buffer","data":"cQ4cq+bbwXeTprZQvuZ0h5sz+XeN8XtatAjIXgFpDH0="}},"oQehYKr4nD2yZgOkY7UL5EagplV/ktYYS25QPPai+Ag=":{"valueMac":{"type":"Buffer","data":"QoTwU3NGfHTO96i0JsRlwPEv3P2XlbE8f5EqVs++fVA="}},"oUgjgd2aLMWQSm9/Hq+h2AXzjS5qe1BM6+1qymoCSt8=":{"valueMac":{"type":"Buffer","data":"k/fQFayPUvAJ+AimyXdtIfs9c+PVtaupjvmnI+pYNcc="}},"oU8ZgY211z7iUdeFUgFIKPVQHbsN9F83lqltl/EpyA8=":{"valueMac":{"type":"Buffer","data":"QBv1p65pLEwazBGMufSiP2uwpMrELFL+/opNrftc7uA="}},"or3d2uEKXYfBPiv9L3h4cR3VDeh0c7/FL2P48mPvE9E=":{"valueMac":{"type":"Buffer","data":"EtVnU5AOtklW2iWjyWONnr8Zl42mVy1HJ9WeBtidQxw="}},"oxjFElT7ASC0znN/MN2c0SsPIKhhI17iR6W71Wb0/y8=":{"valueMac":{"type":"Buffer","data":"bTxvwu+MZarITqRYQQkQB7AUBdOjYz2pAHoNvxynBYU="}},"oyIZT1y3TfQBPG+lnpatf/x4PRYYDxGrdeZ8ia1wacc=":{"valueMac":{"type":"Buffer","data":"HZ5oqqseBay79X2dBKK8/jIFtzbXS61wLtJg2QdddLA="}},"oyY3ikMaL89HuW6adhDCKun4fEt2OufPTvJ11EV0+Z8=":{"valueMac":{"type":"Buffer","data":"GlTFyGaqrmXzeF61i9rx103Vk5+TkD7fMNV2q9q8I9A="}},"o1Ohp9QRpd7PoQjEQBcP2yb9ui7l5BAyISJfDKjfT9w=":{"valueMac":{"type":"Buffer","data":"P7c8+NPgEcoRb/IOTW3sk9DMwRIHm516pIOp8ZlFU+g="}},"o8VhodX3LSECqC+c4WkgIFwc4G4eanWBG0AwDzDJYPk=":{"valueMac":{"type":"Buffer","data":"zWCraYkmkjHZTeJUUo1iG3TCgz9j97t015YPE8WDJQ4="}},"pSxmcCUMg+7Aebzi/8mwO45+Zy8mUKUw9fAF4XqPNpI=":{"valueMac":{"type":"Buffer","data":"7ntjr3D43lkBDL+XGQYRaSoTOQDkfcrBlixsgIP62i4="}},"pfpwume7L1rgtdCAzYo+yIjwLv83lyHvM32KZ1JdoVo=":{"valueMac":{"type":"Buffer","data":"7i3TWB868t/+Pdy689N0vGLvvWBVOe9usYgj3KzG6wQ="}},"pfxUyl7EkUvW4wY8u37hPGCI5A+Fj3oI2jDD2dhYoqw=":{"valueMac":{"type":"Buffer","data":"PR6G2H3qSTTv7Z6338eVhXpGa5HwBsqPlsTkFVqt0tA="}},"p1uFYMy4etRFNIg84T34jiYLujgRcHOMzyqv6XLdy34=":{"valueMac":{"type":"Buffer","data":"Dy64yoNzLPK6C5UPlH92teypl5smQqpxoiKvhHq3nGo="}},"qCxcK9vyNXlP7tsTAMIJiGy6qMR2vsL8avnVrayn7EU=":{"valueMac":{"type":"Buffer","data":"tTEaI8xS6tcK8FVMZ2IBN7A2PsxQybBTP7Kp/ewBLcE="}},"qD8iSaArTz/+Ruq+hrzGbfwSY3uODHzO0p7tQq2Vlb4=":{"valueMac":{"type":"Buffer","data":"Hk2q7MGdKzrtQlgtZfJCu/HpLowdj4zNZXi0dxzZ55k="}},"qMS8sMPU6tIKfqqIiCn+hJuQP4L7lSnAB5EwDk7vAK0=":{"valueMac":{"type":"Buffer","data":"Lvc1pS2s5nFXQ69h+TOz8Qr7U2bxCd9/TK79HsdcH3U="}},"q39rzrb7EkjW8X3dTdObCrO7ziQ7gNYzChwkSmKj6RU=":{"valueMac":{"type":"Buffer","data":"ZqincYYngorPUPW/JjiTA4rfLrPjMc77RcfPmLb1MwA="}},"q46kT1l964beq+sVyLbQnvkUZslGxJ6dfQdTC54FN7U=":{"valueMac":{"type":"Buffer","data":"/O+ab77TnWCluBdHIp8yzOiSeLsizAyyY/0kahf/b7U="}},"rs6BMwBM8ajTxzlCQvFWrNAwYs1pylDD65lpnB10DXg=":{"valueMac":{"type":"Buffer","data":"WRFK78HsubQhikWTdYbC6QRosUmoU6LE9z1T1NCaTpk="}},"rwzbhD5jiM7WeARGdnNUWwlkmgCcGTY0vHlLoSKiykA=":{"valueMac":{"type":"Buffer","data":"uJKRuRDHehzJPHu5EPgntCfrin+Rt4eIF/YpP1CP+oM="}},"r4Vqh1OMZmN6JlaIvmi7rkRzhpv9TrdrIkiU6SgwC2Y=":{"valueMac":{"type":"Buffer","data":"+I+zLRETyvMmS2tkLxOMB70NUGSheX08jKIAbBIWiZQ="}},"r78AjNopxtKNExp6AlBLNhbK25wnu0xFJL1NnFiCfSM=":{"valueMac":{"type":"Buffer","data":"N3psxQm/PaPGtiZDQ5lu9gB0IWcOFFf+bCgzwP9uPTo="}},"sF1X12XiMcjIwlGmbmb7oQGrbWRZJ5rx3VDFP5EjfUo=":{"valueMac":{"type":"Buffer","data":"I5lh9r/zx30nczw0Mu7eTt/lxXdJMYzVqUy4/nOxPpU="}},"sMYXMsqZ8ioxahznUCcxtgpehEmgazYY3bXOlRvYf9Y=":{"valueMac":{"type":"Buffer","data":"mb8643PGLz8qPzZ59m3J2svJ9vjr5LvCfiSdCCuhR4U="}},"sU7KK7XFm/eWvwrNNIjV2ZHQSMTayE6XqWr1yqEnA84=":{"valueMac":{"type":"Buffer","data":"ZSX7umHg892VOVX/FMXjtarXNe/yL3GFLlS6olOClfM="}},"sY12+jg9npiCBAKKqxYfWOdjzCzt6I6IVWb0wGtx5iw=":{"valueMac":{"type":"Buffer","data":"wl+BlvYr2pw2apRCgKpg8oL/PT1FNCodbvDhAIbTkj8="}},"sqb/hGof/mOQPKMK/BbnWAJj5uZSivnZqj3OmUpyxd4=":{"valueMac":{"type":"Buffer","data":"QVt6rB/drJV8YtLM3F4uOItx+umThVzxZmk2TbSOjvU="}},"srmOM3NlYdAgQ4SFAjkTxMLVufqTbCCKyuPd6oa13D8=":{"valueMac":{"type":"Buffer","data":"3V7MNQdyAJi5s8vSbEQLognXgOjoLA4W5v6sSmDu+7c="}},"s5/FeX9Vmb1EDLupeVMCaDZFQZhRMqoChtFU5CM02GE=":{"valueMac":{"type":"Buffer","data":"Z9WgN1tLWOk8JI1Xab5xl5EuRve/axZ84Qh7R5GX4Cw="}},"tFBxmDzTqOEZ2Yn0mGoxWNDXvRI2cEjdvlZfQIFx6Vo=":{"valueMac":{"type":"Buffer","data":"9tYO9K+nxfYBDxcBX8l/wrlxznio+C1UJxJvhkPQ/qA="}},"tP7qyQNdGZqiHt9p3E82s4nQ+Gv8B7hwegwWtZVkzCs=":{"valueMac":{"type":"Buffer","data":"IKFCrGd3p3fkYm6JhoxzbqMB+OzKz1GQYEWtWEjWwDg="}},"teiUPKraxpzelV6K9Xa1q4c1WR0CkjN8JuM4QsyulmU=":{"valueMac":{"type":"Buffer","data":"TgUXdBEcjRa5y/kmnSZDEYP/rqfl++JTWCC7z3idfwE="}},"tjmygVzVfEiQhKKG6o3anjDNn5n+NQRejdd1gw36ZmE=":{"valueMac":{"type":"Buffer","data":"3hvqwYXUWVcqSLrsVnHHWy6Ns0BOyQMpFi5FqUwmigU="}},"toeTpou/dPUADFnBgL1J76x3WtGmswRN93sTWbqOkNw=":{"valueMac":{"type":"Buffer","data":"JAZCM002ACUw8WbKF4i9WbYVcIowAlW9eYl+LwR5rxk="}},"tpknvmf2JT9LKhEBUb22NuJGqlw+2wE92CXnMvYg6gU=":{"valueMac":{"type":"Buffer","data":"SviQcRol0sPUBHytS4GpvcUuBeefqkdovUB0dwNILpA="}},"tqAK1fooSoXyNAoTe0NPJ51IWqEQHilwi8h56b7ZZ4k=":{"valueMac":{"type":"Buffer","data":"E8xMETAPy/+UkZR1+8Zpp9yl81uFS1ZEo+UT2mnbf+I="}},"tsqATWNKw42CG6zBloWCWbfNTeVj6KmnNENQOPpirik=":{"valueMac":{"type":"Buffer","data":"cPtOqBSPDuSVt8ik5nJhb6k16Xe0/FFQJPJGOE4Aizk="}},"t0lguT6FOKYq4+v61wDrizHoce4/QqVkdjFRAjb3oz8=":{"valueMac":{"type":"Buffer","data":"e8tjn0ey8P0AQBSBuSwBiUCIPWJ5rLDRVDw2/zotZ3Y="}},"t8xhNpoPMPT8QMhaTup/UzYrgpkZujg3KJXJdeAGWQs=":{"valueMac":{"type":"Buffer","data":"JItwY2YVCI23x/PJ4uCPaeb0mnXaUbon1XTUQMsfSCQ="}},"uTtSyrU6rC7fnRSW1COq0o1jjOBcwImNPrLEC4hPYhg=":{"valueMac":{"type":"Buffer","data":"XnUHSuzlApVc1I5xhwYgM1SE9/bqu2ah9vW7yBC2oEo="}},"uVuDKrYbRDVfDwIC6RViEmIjk+zAaLNdiK0ZcWZtZxc=":{"valueMac":{"type":"Buffer","data":"og+PbO4hWU/BOGK34z/3WnDjmlaFcNwOT7VNmi34X+M="}},"ucLn5JZAZbsm8ZicpbwLmvnD/5NZxYHBgh10BUU7TfI=":{"valueMac":{"type":"Buffer","data":"3Tv8ptYSf8pbEOvqWWFgdBl1lRI0i3i6fmOIJOxYZuA="}},"udTmO9etBA+xtT6rZEPHB7KnVP8ixS68z1cRK+Cg/kQ=":{"valueMac":{"type":"Buffer","data":"d4wnX8bQWFL7DvyzwG10HSPNFeotkGHCKyVhLP4D5pM="}},"vD+YxZtOzzkpSoiG2yKp/TWnvyQkQgWii5S3J+cXbwQ=":{"valueMac":{"type":"Buffer","data":"8W8B9WCP2Q+PgFeXj+n44jrCMrLbXHt07/Gef7Vh2rA="}},"vIa2KOu/gtwUCMhVcbNFVabFyJzzADOwFRUljcDzQgM=":{"valueMac":{"type":"Buffer","data":"YiIKbq6UT9/3cbOJOcOoN2nxMhPm/aKsURdRVO92E5o="}},"vQ9ou1zZswtpOIEOnfnh+9sio7UO1BxkO+z6BHaITlM=":{"valueMac":{"type":"Buffer","data":"QFP5aE2Wn6dP62ahlFXY++5eAZGqZhiht+3nBgsrRdY="}},"vRCC8DBPoS6z/YbTaedg6fg4mL6qesCViFxU0fpfmNs=":{"valueMac":{"type":"Buffer","data":"YMAuq/FQqJdp2PQfETw/EXj2Q8pp3M3nv5wTopLPPS0="}},"vomcAt3gNY4K8kTqzV8/WcvnngTOG+ReItux1RcpAMw=":{"valueMac":{"type":"Buffer","data":"FpdM27x6f+6SZCMNOmk2UnIKma612eenUfR4GjzTDzI="}},"vvGe7iAqybmogtKQRyp7Ft6agK/0IrsW8KBB7A2S0cM=":{"valueMac":{"type":"Buffer","data":"gl4RnpFA0MmB2Xppu6mGImTL7FFw39LCMRqSooZZ2gw="}},"vwxlvWjj1so5VifIYSUcX1I0ekYZ2/4WxbKppa5R5So=":{"valueMac":{"type":"Buffer","data":"wqcNcu/F03ewU6V1eboIym4a1m9tkjsou5Qe235rm7s="}},"wASszUQpMKAFW0A5sFFsPrby9OgdKd4Vf95X8MJ0jzA=":{"valueMac":{"type":"Buffer","data":"6hD1eYKzkRMWMUHOscaeEd6411XDbcKaDW/53IKmH6M="}},"wGk1iAkO3iQokNXDKZuTzLqp7qrAnXH5CLuGxdBphsc=":{"valueMac":{"type":"Buffer","data":"y2daOjXE7ZfHW8NYsEgE7a2If+E9ixi4YHcYkDeXeKk="}},"wNH/+D0jwmeaEcdTcHy7qWZEV6IuTPjtynvDGzALqRc=":{"valueMac":{"type":"Buffer","data":"IKXyBxOs+HK6YRbDWgtskaRv3hfyBPr6YItY6wLIjXM="}},"wV4PIUbpgj2WCiO/v3ewEHB52DhPRE+PtvH9xPCEQnk=":{"valueMac":{"type":"Buffer","data":"o4wdsMp74+bFK26W9D9l7njSnVCSsA1QrrB3wS6nib0="}},"wy9IXx4p7myvGepUxu95q/8BvwA43w8qPJT0zz7LU+E=":{"valueMac":{"type":"Buffer","data":"U4tQBttEc1MVUZitEbO0Hy9XovrFBhtjCoMWh64WQ54="}},"wztWifLAW16aviafMH2mWtCrkdi+k9CwH8OtFrvdQOU=":{"valueMac":{"type":"Buffer","data":"EhMZQnch+/cGhE4DiZdS6qBooIeukztwrS47/zUBiqg="}},"xWrqds71oby/oIELFFmB5+SvlkzWo++RZOXBop096ec=":{"valueMac":{"type":"Buffer","data":"heq+BB1UnT5JnxYiDuhdD4WCaTsyDWNL/DOHZYD15+0="}},"xX7vIscyWGSwmi4MuoN5N2E45k+m6LPURCvejXmtZT4=":{"valueMac":{"type":"Buffer","data":"eKg1RZPLLc5F5G87toFxkLmb8OXjl9lrPKk+OAOwOkM="}},"xmoebfX1Qp/NevLVs8qaZoYZDHHJv4olUzvZGUlmXi4=":{"valueMac":{"type":"Buffer","data":"QCB+5u6AZg7BGRW/gi5UFfqACXXyKpDNapRZuVDuSow="}},"x2kr9qIUSvUwqlltsa/XaqE6TtT9nvgcapWLwtyoS5k=":{"valueMac":{"type":"Buffer","data":"yZBIs+wYXd2U1VHejNToGc60vJ9hypAuNLcI4Yd8kkE="}},"x687DktzokZ+FyocsqBQz3Qja38hYQehhQ6wmqoqawo=":{"valueMac":{"type":"Buffer","data":"jrH7iYxSYTIZQjb+FpOWDQFwvjCnl7j9V8iqsGsW2bY="}},"x+vVjlelF2kpy/t1GwMB3tsix2OGQN5+evRGgfud7bo=":{"valueMac":{"type":"Buffer","data":"aInUIHOSPjyQERftZLIx0h8iMSYNg9dziK/1M4akl6A="}},"yH0eB6KQzsHcvBqp+TYmceES/bgLfNv3p2FneSPB13U=":{"valueMac":{"type":"Buffer","data":"o5Crvzddd51GgR+opH5LP5JAMOk2wdiN46lKujw6kr8="}},"yPXVWu3i0U3/esZzLzor+rlXC5Jo30VZfxExYjUqqRE=":{"valueMac":{"type":"Buffer","data":"8ORUDAGpMONiL5BgJXFOiOMVSqqjefXr3gkjZR5XDf8="}},"yPyPmlycTDZcsj63slic5+gYjkscUZYhzzFtNeNBn48=":{"valueMac":{"type":"Buffer","data":"1kvTh5XKElhRvQSdG8mY9cwFTqdBp+/HnLR+k6uji8k="}},"yP5JgdQIFu+H8dBelcXXqQtChm3XKdwDnSuCYEFtlAI=":{"valueMac":{"type":"Buffer","data":"46Bl0w72YJJ3h5iTgVLUFq0tkag+tjU3cBuDhdOaL74="}},"zFvg0lKCOdnDXyN/mK4wQC3RkSR597x37wKTOYwIVVU=":{"valueMac":{"type":"Buffer","data":"5asuVpP5FpVIzWQwJu8wZOnShC2zINO0dijhbL3Scmo="}},"zICYShvlvhoXmqMj+jt/Kw8CcYHqqw3jQf+/AkFoSn4=":{"valueMac":{"type":"Buffer","data":"3jNVZ8POLO1Qpmfr5ofhBzdh6BP7ObjZVDSlM5O0Sl0="}},"zNxWW/JZgmoIkr8ccSa/WTlZrbNBqqeJq4JEPohywqQ=":{"valueMac":{"type":"Buffer","data":"if6NqtG/5QBESbdmqP9TIZ0hYki+FUWZ3j12rmox1/M="}},"zPC0txxaJJLsgntoE6c99/H1xR5joxXP7LyKp5OMCIE=":{"valueMac":{"type":"Buffer","data":"YKIEKvRqCqmnrYrEonk6ON3/5A24XGkJ0jUHsgzT/bM="}},"zVQexE51dkmRzPTV9/WOFGJTP/W6yAHkiAF+hESK+UQ=":{"valueMac":{"type":"Buffer","data":"Q1SHwiXWECHoRujjbf+hxNW8qUFLK0vcDN9mANLl+8o="}},"zi/ufbhUHiVO76SBF5V+sCJL+68+hX0HgFlC7jiz3lY=":{"valueMac":{"type":"Buffer","data":"yvv0OU3Own5ZhxmngFAgujQOU1cIGUETerLhCvkrU5w="}},"zlg0ZZiMTAsvh7u3JEslBjozxOvuArIVqrLSBN745Mk=":{"valueMac":{"type":"Buffer","data":"KCZh/R2KKMnfNGW21/m8O/bwdOsYaDjkjoGOt3+IG0M="}},"zn7VzoO6IsLYPcCvWAyeK6dP0ZcDpgbQInwVx2EG52k=":{"valueMac":{"type":"Buffer","data":"Cqadu+findi/hPERoMasat0mHWKUlfNr2bN8EKYgtuA="}},"zryhk7SNWBAPsnF/CNrIQ56JChs0HpeLEiBSVV8GlvM=":{"valueMac":{"type":"Buffer","data":"Z5/bpN1xxPEH5u3eqTl+/UFw7dygsCsPT733pyTP154="}},"z1Q3aLuVIasfNkM3o5xrVpfMthVRGhEyfsA/ZhVVF9s=":{"valueMac":{"type":"Buffer","data":"ef47V0/oxXSUueNVtEIM4i+7xtEsVqLXrBNFqdNB1Jo="}},"z7/Pbb0JyJ0AF8Vnqx1rSNWvL4pyXBBUdzkhCvjucjE=":{"valueMac":{"type":"Buffer","data":"Lwfh8lmwqExCFmJt+WnWQQe3TFM6dktzk+XIdAWeeW8="}},"0GugyR2SM0ORkOdTGwhssqnSy2wspqEJOnvOadP2GNA=":{"valueMac":{"type":"Buffer","data":"nDiU7r6EElejiDEyXN5PSLD1SjicpDj1uKE6SJs+QXo="}},"0rm2J6J9oJwe5y8d8Zna89FL+cp2mAdDcbbU5fs5lwo=":{"valueMac":{"type":"Buffer","data":"Ei46rN1B6NZ1J+ijHhZ4kIMKEBnvrsXRjsF53llfXLM="}},"0v0LStekFt5YwXUXuo8Bgc3SmWF20ltfNIO8NxuifBI=":{"valueMac":{"type":"Buffer","data":"oBDj3MA06nA3fsmq1QLlXDWA3g8e8C+rwohkyFhzReY="}},"0xPTbxRnlvkL1Pz5Lzp04gOFkyjfEsrxQFyvOneXK0s=":{"valueMac":{"type":"Buffer","data":"eZbs57gM+87IndwuglHK9fWdigWsjhrQV+KLHRUiWyM="}},"06fVrHYaLcdYftpyuOAsNwZvd51RKR9P2jm8VrGHq2w=":{"valueMac":{"type":"Buffer","data":"N6TSBmDz32ZxTe0cjKGAYFR9I4Fg4HYIsbsXOLlve/I="}},"07Hy2o6Ph6/eaSD59p3sLhgx4C5/VTWgxqT2VuH+CI8=":{"valueMac":{"type":"Buffer","data":"GM+86X8lRvchiIbxZYIFeSonqt/lqnU1LMXA5fov0Zc="}},"1FFUYxQpeXC5cmWVUJQKwLtJSO8N4ZSszHbjmjVutAQ=":{"valueMac":{"type":"Buffer","data":"731ebDZzgkcfHLm5wfrgTRyLJEsMB8VTZpXugtb0dTc="}},"1RKLBwlPlnrdYsIEMp9EkF54Z0ixmfhgAKL0ZBBtBZw=":{"valueMac":{"type":"Buffer","data":"6rc+ZXwp2OQOPPfBqw5JzbHw4mlsnnecbIInoH7Yus8="}},"1XcCd9Dk/X7N5/uKJE2Z9xFdkK4Ef+7Ps9JdFjVMPm8=":{"valueMac":{"type":"Buffer","data":"nnbJlcpqRptoVkpGAjwsyaejbcI1iXWifDdkVGoTpbc="}},"1d+lAMDMli9UVM41L31Wjb3YYM43L8iwBIewp4Vh3SQ=":{"valueMac":{"type":"Buffer","data":"rVLabk4cc5oTPDiVydyfjoKF7aQHNLfghfeZ6qN2PDw="}},"1w0nTpzsKmnSNqdJnqIAbZD/1ExtdUkd2jF35yQqGcg=":{"valueMac":{"type":"Buffer","data":"vwdryC8xx0VJpAHthC+2QM0Lq+3S0/VBS1stJMxTAiA="}},"2AVYf62gpr0LOFa62jhlShMqSaHQrxq3uozSc8wC/D4=":{"valueMac":{"type":"Buffer","data":"Xww5d+vFdEONmoigOEu8N+5JjYrCJotcRnxoddvIJS0="}},"2Oodghh/VAq9utbBslsABCzKodbX6dVhSR8Ri/K2Zcg=":{"valueMac":{"type":"Buffer","data":"f6Z0xbhLje21A+I/JgwJdybMN2fAsrksJvXkV4WSZgE="}},"2Y4sBRbBpDzxd1Q2pvjOqamM2Q505hPJpE/E4sAKQ5g=":{"valueMac":{"type":"Buffer","data":"onAJNRvgTULPoDBxtdOx98Dw553FcYy7991eOtmsmII="}},"2bJeWHME92FU1ge+Rexe6rg9hg32ccNNk3S4avcZcpU=":{"valueMac":{"type":"Buffer","data":"OBVcgTn93eduOr/DYIADRvsFLXNMEfgjGq15bTog9KU="}},"2e4dvXDD6qohbBipPlUmzytrsP6juE/OWtZQutrL2IQ=":{"valueMac":{"type":"Buffer","data":"Hz3dxF0CRJ1irSh/KOaEdLlzovRHByqCXUdlLZvceUQ="}},"2fvWWIexTSv3+dX5987NjT4yvd4v/efMucZio7ZzXyM=":{"valueMac":{"type":"Buffer","data":"PDxEjz8T5+rhOhaAbo039A6PXZOW51GNjao7UWppK1I="}},"2lSo550ugGmb8IYuj0aBItzfEHyzJv3ahcMeTX+M3A4=":{"valueMac":{"type":"Buffer","data":"mZdyU5g1x+sUHM2LDYh7HkMDdngY71PZNChB3762nW8="}},"22APEFly2AD0DNWmOCfDHa041i1jPcqaTjGMxgYBy/c=":{"valueMac":{"type":"Buffer","data":"5W6FbZIFVxvwvAl5BZGHzep+3q0oCincf8hZDEqoMd0="}},"23RY40CVlXpHMuoaXTlkMm53O2hINFg4YqIU6MFCMNs=":{"valueMac":{"type":"Buffer","data":"XOc+DQ3E1DnAh1CsIpKU0a7eQgMw7r6l2ttYSCCQrpY="}},"27WETQAmWCNsIMQXNjR6EGNoQs8S1sGsG8d/6WzBd48=":{"valueMac":{"type":"Buffer","data":"rIVEuHAmPPep3Lqkj3S1SCdBf148YcszCX7PIoZ+35w="}},"3B+Lo4u67V1zL7UxTaPDB/6I3djwGu5q9o0CQk2XpPA=":{"valueMac":{"type":"Buffer","data":"puzPfGyXKpcTDupVardD8rmWn2nVDBLBMGXc279pArE="}},"3M7AH3iBQ6mp1KnuuncwHMuuvGcDc+MhetychKp8o5Y=":{"valueMac":{"type":"Buffer","data":"krjQYo/AiKuY11KrVetCCVQeRiRHHYh2ml2fUWcpWco="}},"3NXvo4hVsrWEgB7y1nFVFBmNr+O+hv/ZXDj32nR1sZs=":{"valueMac":{"type":"Buffer","data":"0mtnAVxAMjnv+aGHexp/fcWaoSQItM/LPBrX5tlYWA4="}},"3OzzU1nTWtS1NcUB4vuRw2J8OL6cHpiEl8fMRFt69lI=":{"valueMac":{"type":"Buffer","data":"qrBvFPYun06WMdq2IfNsJXHrKX4USJJAzV71Ht8QBps="}},"3TfpYZdc0TOXOkoXdneuQIajn/1fwe5y/SZ6tjcRi3Y=":{"valueMac":{"type":"Buffer","data":"SLFmqHIM3fv3nID5CAE7wVqoruoFwQlm1AvwUyLjsY8="}},"3YJAU3k/+b0BkQWh3MaWJ4PExwW25tbyYupfYQM8WOI=":{"valueMac":{"type":"Buffer","data":"A0JCKcgNsD7uuwmShpUAP8T8/YD94ClYyl5HqXW4yU8="}},"3Zs560hW8xNgg+ULjKKNG0UiUYKi92jnuq7+Ru260OI=":{"valueMac":{"type":"Buffer","data":"Ile6VD9djdyE/WTykQ1+rj9TLnINpzkNlGMcVhRfBYo="}},"3j7cKfV0rJlx5spK9x/Dvyg4duutFButzz3ft2tbVfU=":{"valueMac":{"type":"Buffer","data":"OFyEtNxKjLQ9d6De4Vdf/eqHxmn1j8yDrkNVO1rHlB0="}},"3zh6a4HpgzSb3U3KGXOJwNe55u2VcNZ0eLEhWKYjODw=":{"valueMac":{"type":"Buffer","data":"PSJbHujGpVL/PXGx/053x75NrfUtNUxJYCCoisFRS4o="}},"4B2a1rfvzNsksiy1Suc0BMD6tSgmsGZ2okeF+cOA8xo=":{"valueMac":{"type":"Buffer","data":"PRlHF3SGyFipLpE+/+fuiFghCk9Zwvn5hs9sMaS0jRQ="}},"4EsxArN30iR3lTioeSyfjH8587lXcnb02hzkFnRLAqM=":{"valueMac":{"type":"Buffer","data":"AnLJyvF5qW9AEZZXhg+BUe0rHDH0kxmi4iNjvn7LLsA="}},"4Mk9U3D9xSDTrJzuCFtvty2EOpf6kPOe9rkXQS5jWI4=":{"valueMac":{"type":"Buffer","data":"E5DPu4Zrw/jJLPWXFkve5PtnOMcyWskEMiNw2UUUMmk="}},"4aLn3Jsey1YiPWRNfdoDlmuI6s8cr9isdLCGuF/TLjA=":{"valueMac":{"type":"Buffer","data":"Co3Qw38dvRWTvjhOv/os4Tu7g5sSyhOJGJLxTF7a4bo="}},"4evp5HYUSEzjdl8Wgcb1lJBCWoRGqm+ejjXacNXeCWQ=":{"valueMac":{"type":"Buffer","data":"B4/y9HufaACwyiBgDAsMJUHer1QDSLVm6HwXFlatsYA="}},"4kwx2M7DFb1DKem1qRPz5PZZC094gSI95uzz7uxEdiw=":{"valueMac":{"type":"Buffer","data":"W74ihjBdST4ga2E3lfWAVxBDxD5XfCfeJ3o7oHWEmO8="}},"4m516EQMD7E5JUksAkCYJvvkvfzcT/u6C9E3u71HevA=":{"valueMac":{"type":"Buffer","data":"EBE1EvZw8kqy2W/y0ziJr5MInCsqhQde3MYb3zzeVqg="}},"4pWuLJY2LuH/4TLQE5KGE/mxFEY7xXlDNlL57LN7nZ0=":{"valueMac":{"type":"Buffer","data":"ph1vb09pbVKCuArArW3JHRdyN9YWc7L7QgqAMO6fIuQ="}},"4x93+p9REjA+2dgkOMPGZCo0/YRMBo6K0VyZ2UR6MpI=":{"valueMac":{"type":"Buffer","data":"4MkYlWnMXl6eTvT333fynDcOynmEhIKQytcFBEbu5pU="}},"41NpXGYGvzlBkFQHQbzRPU2FpHixsnD3zRTCn3qb5fI=":{"valueMac":{"type":"Buffer","data":"e1c0uWRJKRCmLOs0bdr7nTyx/Pf61DCnWmVIO86hZo0="}},"43CGU4MO3kmLoqhghJ1cFJhSqz+YzSTRnHhTO9cgE8A=":{"valueMac":{"type":"Buffer","data":"KqXu9RCefcKCr49lwdtRebw+eVfXSwNCk5kOaBDRwFM="}},"49fXrqcfGTVQF3p4rbeXhWWFXq0t/peENqZoiyfq/dA=":{"valueMac":{"type":"Buffer","data":"+Psime6hStc0meiMohZLPRosbIVAe61cXX2WoIwS5/Y="}},"5AyvYuFD/peIAK/jMl5JeDXAjygj/0lzNtubmP4c8w0=":{"valueMac":{"type":"Buffer","data":"1Bzhf4o/DKTrtqq+AJidsvC+gK3Fyid7mChJEIkPPHo="}},"5MGwtvaKybM87pE/iVRgxGV5aLMOtALZDc+LkmEGmyM=":{"valueMac":{"type":"Buffer","data":"r4XnuXUmpBlaRsfuso8XDK62wHcIuszTzGKFmEBt/W0="}},"51sjsG8bqnbnnL1HtWbIVv0CDUcnNGtHvjIZBmZM1g0=":{"valueMac":{"type":"Buffer","data":"Dhh77owHp+GSQOTOU7yKJm4qBf+LON8P9qVBcGoLyHM="}},"6fWy9+pJG76H2h6Q2Fq/TImhYQ6YnWQQpRusVVAOoo4=":{"valueMac":{"type":"Buffer","data":"q/E/NKzUk1PFjPmW/apSB8XIBwGAzSnJA7TUQDoWytY="}},"6iuoYAzfTf5TioyM3Yj/WVlfOLlAmvOUJWZY6zJvpPo=":{"valueMac":{"type":"Buffer","data":"nVYLffUAAMgrBYVyqroihkewRJEuz7e+Du2NwadlxhE="}},"6uXFTaz0knhiI22OfcQ8hGIa451rJ9E3T95xcHcUYyM=":{"valueMac":{"type":"Buffer","data":"EhFUwtWCuTCQkrFNFNfEq2w3qFBaziF+/wGHCNFz3FI="}},"7CzLW7OYh/BsqQNd6Q9rGhFnBpGNg/5rm5VIA26DTyE=":{"valueMac":{"type":"Buffer","data":"toka/Ox91/TIa0DWTW/h/Q16lsmuObZDer/afbQyf5c="}},"7KmrhFCOmskBAmvPaHTnvsUYhioijRubQTMi6twanAA=":{"valueMac":{"type":"Buffer","data":"ZrE3ZbIvn9bRH4LBCg+PXudYMZ0jUGtTXKEjOIaZHfY="}},"7ZcfEDDDpOFD1BYi1l+p72/eizqRPP3/NLOAv1zMqPk=":{"valueMac":{"type":"Buffer","data":"uxphKKXHZUJl2jP3UXjVasWni2T/OEl4uFV27tNr5q4="}},"7g2MpFcxzZOoKNLxy75ihbnPe7uchPTccN3+nOE/Vl8=":{"valueMac":{"type":"Buffer","data":"5jtrXL6piXt8ycGMu5nVZ4VJSmguUSN7yQlMgY/lN/E="}},"7r3/2xh5XCi3k6UXO4Ug7e6Aj/OTQN/gPwTyj+oCZkQ=":{"valueMac":{"type":"Buffer","data":"0rxcJLQH5cezMsT/n9vHvcLax3BAI1b60xeNCVf5x30="}},"71BxR7FBcvark/TI+zNBsx18h6s79mPjyrkQ9Pr5zhE=":{"valueMac":{"type":"Buffer","data":"CX6YiPd3AC0+r+MWuOn1yDYxRWKWh3llIjb+Hhs+Ad8="}},"72RImrg2l5ZY5PbbqDdyKaenHy9+jqCLXC3w+XikfnQ=":{"valueMac":{"type":"Buffer","data":"HGLcOUkV3XZveqJPQpZ/PVLyLDs2sf75yf7JJonzvbE="}},"73dvDqpQAuXm6Mco13jeXs0u67S4EI0LUGVjDjy8m6E=":{"valueMac":{"type":"Buffer","data":"55+RNB+LqqIM4KABT1eFKmoRs6N1ko5PyeB0/CAZppc="}},"8bQSTwejW0Y4kxNdBB8sxzjDi4MMT+GLrGnD2rJAglw=":{"valueMac":{"type":"Buffer","data":"jcHAotDinwHSUMPPLi4oe3O0IGKc5BAArxa1cWTkpwk="}},"85yE20Oajo4Khnmr3qk3dpJzui2FJDgb101rtEiWZY0=":{"valueMac":{"type":"Buffer","data":"2gYKUJVeFVMeUOCcRSS6JVTmdaN0LrbN5zoTh/9OWSw="}},"9QibFRBT73uStvZu0uZywT0Ve82NuerbiAStRm9+Uq0=":{"valueMac":{"type":"Buffer","data":"+c9VAdcp7AHgADHzDJ20TIHe8LRUpl+qFs05f/K9kyc="}},"9UASQFh0FsZwsnYNGeJ9r6ey/JKyE2tzQbOdKp1sDEs=":{"valueMac":{"type":"Buffer","data":"tE15t8Pk6IHriee2OcCuRzE+VxyfEQEV8ugE8YKGf+g="}},"9VcRhMW1eWNbOEjbZonIR6+WgtMSmqhVgehC5CxnZmM=":{"valueMac":{"type":"Buffer","data":"TtFV506CPKGiYnQfbAOjMemmBBbXcHmo3s0NhbebsyE="}},"+aLeQOmunlnG6VxgQ33iCHYyMVXZpN8OioNREYocECo=":{"valueMac":{"type":"Buffer","data":"PeR9uaoz8tKtdkETGrYBiv+qihUfJQckItZSk7a/asI="}},"/Fqg3eewtYaR64h9yBmqlEDIYTZYDpSiLi0cjsEVSfQ=":{"valueMac":{"type":"Buffer","data":"b70+EnbqzGMTyIyCoy+6hz3K89v6rIr7R67HSDR0tv0="}},"/He+cWZITAcGG11PENCvM0TenzpGl2bwQuDpNm0W4pk=":{"valueMac":{"type":"Buffer","data":"hdaFPbLMuTHtTx2wPbWRpIVPxva8tJa2L0tJibPFaXM="}},"/PxvpcCS8bFQuMYxPuGim38hxqyMbGjEVzyRUsLgHA0=":{"valueMac":{"type":"Buffer","data":"kCcC99RhuFoPZKCDRxEre7/fal02M3lwaBhhhDwUsEs="}},"/RzVVdQrMyrFAQnyhvqijK7QUxPqblHdKKUCQ92TE78=":{"valueMac":{"type":"Buffer","data":"5w5YnJeo743jXII6mB0osMtTCeXmncEG3UuUAfPqqEo="}},"/bcoETH6sl/kCIauy/kAdkS+/dd9/iAX5OInCsbJasQ=":{"valueMac":{"type":"Buffer","data":"Wm7jmLssQbhWB38U+gU+2om0kcqC6saTGsl8Udll8Ik="}},"/eGFtvd00S0A2dkquNV66AC9k20AMR4sRBUqQQcLIWA=":{"valueMac":{"type":"Buffer","data":"DWECfJKknztUaPjISPWCXbL6oP3Fy6VNYGhWi4Azprs="}},"/eUip0/XpjXjGKR49Ih5FrcuVk4q6bFyTlBJLnh6uBM=":{"valueMac":{"type":"Buffer","data":"TyR8SFSwAzZpwWHXD2tKJ2pwtNgRYJWYgyt6m9cwnsg="}},"/jm/WLoweNeJiv5zI9EQfmFfE0UTDSDxMfJWZhviDnk=":{"valueMac":{"type":"Buffer","data":"XidLAXxe8w7rkCYXjzJe1mu/zBw5LOKTNyCKT+aSvF8="}},"/p2t9lHrPGwyHLszrGPV4qaryg7TjKWGJMk3Tms7CHA=":{"valueMac":{"type":"Buffer","data":"xxgrTV6DKGRMEm6RpZ4yJbi2be8F12OAOsHtBGXVUcQ="}},"/tfuXp/VP6Lp0/QBzMTlZTIN30qxsDZvSkh6B+jWBjY=":{"valueMac":{"type":"Buffer","data":"r0KToYAD/GhLPb22j7QmLqTyDDldgofPXaKYd9MglRY="}},"/uFfv2dFEWkp82bW5q6+Q2t19EhVjladoRltaMpiezk=":{"valueMac":{"type":"Buffer","data":"MBNraFpJOBOVTulXt4exdQ7sCCZ07o6OzuOKCfSfevY="}},"/4DU78sDw+O7VFa8hwYaJrRz3lPkGhXMIVHf+/j8Jj4=":{"valueMac":{"type":"Buffer","data":"kSPMbG8BZrtiMiG08jK68MoyGVGytNo9CzPyB1kca6U="}},"Rh8MFVEhRI+bQlP+YXJvJQf75Xlncm3ahLmzHkI3/u0=":{"valueMac":{"type":"Buffer","data":"CdDVgwMVx80tIO2rXBh50akJ9yU8A8msluXmcl5whkU="}},"Rshrc3kpCrC7rUtgYg8rcg/uZyLf9A4Dc4fd+UWsU54=":{"valueMac":{"type":"Buffer","data":"gWn8rMss6pvMbMxQckiitm1ib4aXuL6dJU938KpFVSE="}}}}