{"version":15,"hash":{"type":"Buffer","data":"582TGXln0vYBhan1slidEXBgkvUEYlQYZYg7tRHLnb4AxZoRggHWZUghCJ6WPJOidclEIa9X47JUt1z5Ts0ug3nqPC9QLNF78g9a5p4wxtZ6IrOFDhp/GtlJgdL5EHb5ni6M8vtFHgid9HCSstWvjxXnwpxTAwe6vYUig8tQ97E="},"indexValueMap":{"AVFnyQznbQbvCKWCVqx2YatDSUvCHAbDRxk73WSHxRA=":{"valueMac":{"type":"Buffer","data":"4k6P+wPd60a2hDGJv2N0UNrBSzgrCfwlw2MzyDPSHnY="}},"Ajy9J07K6d9S5jWz+O7V3UJSMXsxJIap7oLnMWBapc0=":{"valueMac":{"type":"Buffer","data":"O8bx/Uyt6+of7eVFQff+uVyZfY6oAJT02TwMxKyGy2E="}},"CpuMVFpu8KpM/BzMWKasq9rJh3TxIOCjB927To21M58=":{"valueMac":{"type":"Buffer","data":"/+n/CJDC4rLQO36dWVuKoBY9z9iiqIY/EnXzH/Mbhr8="}},"D33LjTceZATSOEf8RP282E/Sm8gXZUVRZPPLt3ktmMs=":{"valueMac":{"type":"Buffer","data":"/YpnzO8lqYgaY8/UVpTdoINOH7J26ijRmFgG9e0NHVw="}},"FMdu/uzLBfMcJkGr+zq+xEDNtIs2anvrx5uwRpyzk+g=":{"valueMac":{"type":"Buffer","data":"OidNYt/MRizVreiN7rcm0UgBFsbQNkmo3BfCUeRj5Tw="}},"FNCROA7Ip7C1naA1ObgdMrw0ME2sQz90zNJHR6nTY6k=":{"valueMac":{"type":"Buffer","data":"Zu06Vja7asavw87rpKvknLQiYCnri1nGquw3cwn+/n8="}},"FYwSAVwMfZFNoULPCKsf0fflKSGM4yjIxJdydM9RyVE=":{"valueMac":{"type":"Buffer","data":"F17G3RFFdgWIR9Z69awwcjxNUKJRTcDMM0atHADD2js="}},"GmQU4JylaKeKhxgLHgRHfoCgk/b3nSM8leyySRNrLDI=":{"valueMac":{"type":"Buffer","data":"kfKMUfLdMn6aAfB0PE9PvIOLFzE/YqKS9wWtNMm1hwg="}},"GzbVFUVlcbNV87Q/AD30YyE9czQyusDoKMYRxZcYbd8=":{"valueMac":{"type":"Buffer","data":"jRfOUwQ1GYyRfkWQvWsRQSPD8CxJjJE9OxjXrK+QvLg="}},"G8aWaK3u9XASEsxaRy9QJQR7kzUS/YnfgK4TQqIsokw=":{"valueMac":{"type":"Buffer","data":"n0Qdoo2Qd0MmHWdvw4kHKn37kxDeW76s7amMaPJn3z0="}},"HyzvCP1LyDqUHUZiuf8mbzZTXVXz2809h5tx3G4wNwU=":{"valueMac":{"type":"Buffer","data":"dAfnZ9JlrOVRxe44cFt0Y7KiZIg2n6tjC9plReNdBDE="}},"IE1daHotaSrw5WHHtwNDPpYYj8QmFt8NFhZR9kszunI=":{"valueMac":{"type":"Buffer","data":"MW1utfF48sW0RDCkGUKJuQZgWnN6Upf075gDYiuilpw="}},"K8Luln22uLSHlyagkOVGlCREYzuVcMiy88uO20J52B0=":{"valueMac":{"type":"Buffer","data":"d2vsY3rRJJIeoLqNHrQWUJMshhn4aCrnBWGt0ZqK1QI="}},"LCNmDiAoG764+hbj0MVpVB/aotfDHgqtnuLHFOxlbqg=":{"valueMac":{"type":"Buffer","data":"QmHIinuwo4x+5kZESNyZyAzsqSvN5+p4QuggInrlafY="}},"LRDage+jvcjuoS5jo5yUogUfOrxG+fNgkerAwnY31Dg=":{"valueMac":{"type":"Buffer","data":"rxHyoNLCzI0ibUnK2lmj5Oyar1B2heN1GsTHZJ4Kwg8="}},"NNywTODHZAJClVde/3BYUqP6dq7UsukojBfMVMM1PPo=":{"valueMac":{"type":"Buffer","data":"uU3JAtsDKrN+xqqTjHWsY5+FFK10Du+HoA83UlRX2cs="}},"NUUTSLGOGqnuQyHYTf9qXW9h8FcMv/vmfBmBlfnq3+0=":{"valueMac":{"type":"Buffer","data":"5CC+1ReFqiAkkNofyfnhWi5smh9Jz9vC77ZEX8UDPqg="}},"NlmuyqFCQktm4Q/YCAgrJe2O0INLAB+a+i+aYRFe+Rw=":{"valueMac":{"type":"Buffer","data":"wYU1tzxFOkPQsYMa4X6pI2NdWogGjPq6Ju2lFhE0kjs="}},"NoZBwKYTqD4vU8JgE54/JAHzLJx00/o2vIUhI6kuh0o=":{"valueMac":{"type":"Buffer","data":"pZGzroV6RhPJNcXniL6SrD+37dW7Z/YQ7NEymiSfcSA="}},"Qevqjt2g2G23qgHA8wyx204tBd0/lq+zAsyRGU3UmxI=":{"valueMac":{"type":"Buffer","data":"/Gidx691w5fC7bNIEZsYlJ5sDZ9cCrdEZ0g4WYRxwJo="}},"RQ6rILFZtfiBBwAq8TICuhVd0GgHMmh7fr/aJFW0OxE=":{"valueMac":{"type":"Buffer","data":"JJ4VpdCWZlrRUY69BzueviUb6o8EUx7RGH5sugu2kQ4="}},"Rue/yfqpNY9h1HKUVOaVxXOBplyQ7wePmOlMiYd/mtI=":{"valueMac":{"type":"Buffer","data":"1NxKR9C0GBDFnKZ4nrYR87oHJ/3bGaHatHkr3wfwo0Y="}},"ThJxt9PezXZ9xwfz2Lk+uwFMZCqXqbeGdM2NU/f6dvI=":{"valueMac":{"type":"Buffer","data":"VlOmT2ztRx38aTLSZomiNYlu3g2RH8iIqBbNrNJZbA0="}},"U9FCHtaXFMaNVKAU2K0t9FuQxT3REfvXlZwzCcpiDow=":{"valueMac":{"type":"Buffer","data":"nDmgyljgxSsLJXrEopKcdYanHYoGbJJXgFd0vYJOf/A="}},"VnscR8JtHVGkr4XONuqJzrvj6cGOFqW1jGD+oWDzFiA=":{"valueMac":{"type":"Buffer","data":"9VtW3uiYOCylJBNjAlqALFF/Zdp/bPWCswcZ7S0vAhc="}},"WsXGFLAOxkYo8FkVy7HjbCbf7YeKLdzgjr0IYxe5EmE=":{"valueMac":{"type":"Buffer","data":"83ZCJq/0vBTofCBcyJzcxpnpYfbrL0tiEBB5ABxP8Os="}},"XAA3JrQYBPivTO1leNbvXcMND+DR494Z4NcXQ03hBv8=":{"valueMac":{"type":"Buffer","data":"CZNqIPY5/Iwc5HUKQyMnLP9rzs4ZUFRQePEcvpTp1NM="}},"XSGzYxVgkWTeyNjW96t5IJyWJTDLuu2s9W/QY+Al6kg=":{"valueMac":{"type":"Buffer","data":"Yv4yXhNgWaY8ajF4QTAHCWXL4vxPZ9HTkX6CJOBTL9c="}},"XsFADelLJCEoMM/0dRni2w+o2OkeFwWoxSxScSmqukE=":{"valueMac":{"type":"Buffer","data":"Uxii4T+nh7pm21EKJodsVsRTO27S8qyZ7CxhNytFnRE="}},"X68W2Ga7Ru9VXQYUdMWALh9LJhhJYC+wBFel+F7YW+Q=":{"valueMac":{"type":"Buffer","data":"TZOQIVn3jldVv2BfmA8vuV9bCeBV6q1z1F6KZrsTqoo="}},"YdZeUqX/GNhrYnrrquR79ftDWTs8Xxy1uTNnRnDQlxQ=":{"valueMac":{"type":"Buffer","data":"Xka6P9xQBppMOJVu3a41aqGW6cSA72BAnfiQHUz0ljA="}},"YpSWRRf/CLfsMjjbiIj7yRKe3WkyYZ6eKiSHsG0NsSg=":{"valueMac":{"type":"Buffer","data":"Gf9j4U7QgfnapRbB7Ds+sFHF/B7tO5Rwr+CqDpW5nT4="}},"Z6T7Y8WC8/PPI+uyE2fL4Fa/RNA9XvYf7sTTiqiOL/4=":{"valueMac":{"type":"Buffer","data":"Y5R86dku3M2Vb3j/KMhsk93JdQAE1ImYAceCcW1BdWw="}},"ahoyrC2bmPyIZMXi2iSpOj/IN8YAnLCmXttDw+mjUe8=":{"valueMac":{"type":"Buffer","data":"VP8AINapoI+XpicIophsjhJf6HHreWDszJGcNvh23rc="}},"bv3J7Qxst7tRewfjeMPdjtcU8V+CITUdj9Ig70lt1pk=":{"valueMac":{"type":"Buffer","data":"btHJ057hVnqhQ39Aicr/wAbc5W4rUM4BO5n0lkOxnvk="}},"b3CvLLeUsgsacZgekEMa/zr+A0vTRKzlWm+7gIYB6+c=":{"valueMac":{"type":"Buffer","data":"edYx5l1AGJF3Fi3t8ICi1eXCkiUgbrebNWBdCYxkfX0="}},"cc5/e3Db4QQf7mQhl6ylmMpjZLon79NNi/vaWYFGYos=":{"valueMac":{"type":"Buffer","data":"ibVUuXkt+ObSj5+TK8Fsz6bLjythTON2Aytk02vejLM="}},"cfl4Dy/uCPmZ6t3YcRj+YQzvEP8wUjorYRoi33WhyJo=":{"valueMac":{"type":"Buffer","data":"o2CqrWtfCNNDYmeM8DLzYQyPK5EWTKdTUjNZd4pGoyw="}},"dSOgm1+uyTBlfe10ldFVbly4aQUffKDRFgUcECiqL4E=":{"valueMac":{"type":"Buffer","data":"26/C9/dZeGG0N6GGJRZlN8W643t0vylOMXAiFq64E3M="}},"fEMN/3VNclyOkzYzfvC+7RzvYab2QV4n60b9zLLos9k=":{"valueMac":{"type":"Buffer","data":"nu0ufxIFi2HqsaavMZ6kJKsbWGn7tdGNfu1/PoHYr/c="}},"h4XbyJhMbwIUVwl3Wwtz31dpewUzKNRLlzc/z7K6Ixw=":{"valueMac":{"type":"Buffer","data":"SWi53j5G6c7jXDCtP9mMsmPQ5/eygo89uFln02I4Pp0="}},"j57t+rSiqP1adjvAUg6KF+fZCxC6gh1aOhkCfFrG3VU=":{"valueMac":{"type":"Buffer","data":"6V5fdrmo7ehansEhgVXoSQsnlxcF4rUjgW57B2DYbhY="}},"lrv5fa87cIZfX7KHFw/tFHyqCbaelWdAJTUMmuLj/WA=":{"valueMac":{"type":"Buffer","data":"GYkd0n6VHaFgndHZWp+207+7Ctdf//KTMsoKRVTmGsA="}},"mJPZ/wZYhzQU/ifB1Gtuk+/+HGNsSWzUTfj1o0/WJ0o=":{"valueMac":{"type":"Buffer","data":"nX9IGOMhtpw7S4Kinvtux9I9n/L0klLuNeqW01bfUrs="}},"mWiHtbxoLVLJMnRJMnrB8X0ob9ANwugVJwZ4mCmcg6E=":{"valueMac":{"type":"Buffer","data":"PWZ0jsVipqjlvmhIRO4kywr8WUOGHBsLVFrBZUhDY7I="}},"obWxlhMA9+cY4L1n+JZES5zdyQqIPRvLQOC0QJk7aPg=":{"valueMac":{"type":"Buffer","data":"w8pYGQ9KWUzXCdl41G/AIT6BlSCZnzx+8o2y5ejBt2g="}},"pwm0c0d/gQDU189gavQ576YuTWPQASojZsPU8DP8dtU=":{"valueMac":{"type":"Buffer","data":"f7VtSpKRYJL7C/FMSRw+Xk8asSIGf2GvJwf3gM3gz9I="}},"qfoRP9WI50Liyp5QiijhfBpviAmQHLEhYubVtkMNLN0=":{"valueMac":{"type":"Buffer","data":"tmXXthYsIJkXGRRrUZoM6av4SQbeS4hikYxIfmCFhag="}},"qg7UkIFBXdpHExO35mqtr5rF3w/tnYmcDyK8ky0eHk8=":{"valueMac":{"type":"Buffer","data":"7thXT5XuQPcpb9pBUHRdatgLL4PQxl7IvGIHks8Sclg="}},"ri7xSoJ6J6npYC/ykKBdD3ln2ITHladoO20iFbI7GdA=":{"valueMac":{"type":"Buffer","data":"73egEiW7cImn0nJW3y78+olxIBlZqSMH0FUNZPbQO0U="}},"rmCwjZayJD3UGqltsze7AQLiiEV/9eMv0V9VsRB3miw=":{"valueMac":{"type":"Buffer","data":"myjtyLj8OwJZ9CWikPrijYB42kNU+p4X9s5JVTdEk58="}},"s1Y2N721PzIiFvUbKUQ6DOxvYmDyL/mB/ZWdQf7ChC0=":{"valueMac":{"type":"Buffer","data":"pv8ZivFQiUlA75TmDD9tv14RPQm4RhaCkNjR9r3whjg="}},"u2l56FIDiMXDYrxV6AL3p4vMLEthpm6Vg3m9o21zI4k=":{"valueMac":{"type":"Buffer","data":"/NySCJNa1KYurLgIeOo5dSTlrMbCtJbuSWoqn7sNL5c="}},"vUWQ5Wa4eckgvQCX9p+rSKiY8pyja/jPz+BeXykjxFo=":{"valueMac":{"type":"Buffer","data":"CdxjTQ0mAQVwD09/zOkYdn+oMJSmIZbmVVFV/FWMa3U="}},"xbavEaFNFiw1BBFRwLPy8oQeQwmXFZ8+hR6JT5lBij4=":{"valueMac":{"type":"Buffer","data":"kAd+QhwwIAfCL1ef6uFT+8b3LkqeHBF8cm5zT7+gyME="}},"yS7gvGXLjWgjAgd4THumIqs1a4Hx3PGrLx63PiKkb0Y=":{"valueMac":{"type":"Buffer","data":"yW4VkNf/FvRdk9rUKUt7kSnzji/mG1jUdJwRaJDLokE="}},"you/MGBAP+1Xtxex/JK0KCukFCzsjbWrMdfAk+wzsyE=":{"valueMac":{"type":"Buffer","data":"ghGlM2wJewSaXxq2pu3LfaB+tdJ5bOmpxT9pZl3oOws="}},"zG87UMNrIz72qVMKywH3HiP5nXjTFwgaKeKyVlZAFYQ=":{"valueMac":{"type":"Buffer","data":"DQ9muRiFSxb8tM3+1QakGPHfaUHRJ9/bE/5ToThpFik="}},"z0GpI6ghIjCuqQCiYo1Tm9BXGfwG5HxFycmX9DlfcXY=":{"valueMac":{"type":"Buffer","data":"PUaN4oIr5sOXe4dwYZhrxg2Uoavxze+pgmo54bxv9cQ="}},"0efWIKxFlYQ3Ynd/DcD9LwGdh+ZB12kiUzexubR1EZ0=":{"valueMac":{"type":"Buffer","data":"AOua48T7Nq8oAkxxFu9UPPhdFsZvsPIKFtfna/p/mC4="}},"6f1/zUATb/M6R3gf8v4aoQL4DY+knp+Si6hk8RfubdU=":{"valueMac":{"type":"Buffer","data":"2ZUUGhtBg4dGDn68yUETsT+5TRUEyMF31QxqYnc9aKY="}},"7n6R/sGKAmXWTC6acEF6GwhbfidyWDRdnl+iM/gN/n8=":{"valueMac":{"type":"Buffer","data":"K0sXC6JVwqJ0bgUK0Aa6eZXyjXJOSwT/qmqMUmuxQB0="}},"7y2X+hqCPN3QYwm1lM7WAExvFpJcEIdL3lKHGScA4o0=":{"valueMac":{"type":"Buffer","data":"sHOFQijIXaNsEIrw46AWp8Iv36inC2eWtY8JaD3GIx4="}},"8mybs823A55b6+HRceMUZOFm2LgLmEtfLa1zZPzkwOI=":{"valueMac":{"type":"Buffer","data":"aIj1ZvsgmMjJXDSoeMsbdtJF1pNDeA1kcp/GUk0jadU="}},"9hyjIEAehmi1+BwrrZ6gmkEH+Gd3IG56SDyzUe8B6Bs=":{"valueMac":{"type":"Buffer","data":"IkgIDMAlK203QncIDcmMMxR3P/MuWG4J4/TZWkysxFc="}},"9usmfuBUgEGUq593tsfXq6lG4yf6F1wxMufwVgyfMNQ=":{"valueMac":{"type":"Buffer","data":"m0VpQ+gmM2YpWfR1mA8tsTMO8cY8w3BCoOcAkxkHPIQ="}},"+IjfOXLIW82EZfqTPPoKfxaxKmlStcDc6oLh8mcUDHE=":{"valueMac":{"type":"Buffer","data":"BUeRt/etv9J+uENzKaC3MqlySyuwqVG6ZaM+1t5lkqg="}},"/SETEm9BxErI6gxltrv2ZrBJAn/Z31qJ1Afn5jlYNu4=":{"valueMac":{"type":"Buffer","data":"40AQXlcTQOe6FK1FO5/+S2QU0mJLDvoEoYJsREMDceM="}}}}