{"version":35,"hash":{"type":"Buffer","data":"r5JD1uD/UOBvYn5QT477dWalQ22Y5JQshSI6nm5q2efTEmZyaFIyXxHQKVlH3HbRT6bA0J0b4zdHLjAZk77aPDm/2Ed1AoVwTbFu2cQODB3IoSku3Q0vIVGwpmw/LXrJsLkKY6Rn7KQ5/D191JVm9VW0VYed6mxYMTnigWTmT4U="},"indexValueMap":{"AcfiBI/ffhAh/Zv59Ti+Idw1QWjCK17D24/MgOOoXb4=":{"valueMac":{"type":"Buffer","data":"xBthXOfcsmZlX8hSHRsOl++Ouf9KdPWqcbwEkN3e2Lw="}},"C/sV+/hJJPnlfJSLOTKG8WxvSj5WA973+IsKGCb5Yis=":{"valueMac":{"type":"Buffer","data":"un4fQ0KQMuYyOlmZozUxqHESqYtvadlzV11pa0ET++s="}},"E1S0cOdQ+9Sn7XjllPjcvHbR20AB1bLI6qn5DkodD7E=":{"valueMac":{"type":"Buffer","data":"yHLbgaq/fEwz24/7nmasjcBoLeigG7ScuC3V1DpI6xM="}},"H+wumJqLUaMJD6HbucLiUHBx3NLbQtw/gKb3apPYUnE=":{"valueMac":{"type":"Buffer","data":"gMrhp+CcPViGfK682e1nNyIzRF5ouZKvGbzDmyXi2uc="}},"IKGz44eErF/YBEt5hEhGsw/sllcFlb2NJnDrH/vX/jk=":{"valueMac":{"type":"Buffer","data":"13yEI9yaltX2F0eiQ0C/5qD1XZc++FJjit0cOIFVW0I="}},"KQKVR2QITNQMD7xbygon0j+Fqa8HVA6qIHl8sTXUz+A=":{"valueMac":{"type":"Buffer","data":"bTK+/l4NFyI8JdgjuPCMmdVJwiqYsqVxZucCVwDFx34="}},"MFixzSlTsatHYO3KOPOnMcw4ibcojQgeicjHiUg7fzY=":{"valueMac":{"type":"Buffer","data":"Lma78UL0ngj629fF80qN8tk9xXYPAmWGfltJq7n6eQY="}},"M0Bd9TGl3BZWLaBLgDCNp+z9CUqLuZfFNiNDsHJmJMA=":{"valueMac":{"type":"Buffer","data":"FtlDVbrUu7crFFtoxD15Ba8rw1lHOsqMcliSHv7Y9Mc="}},"QdX+Ji+JLsnkf2S1XfTi8DYaqo4HnBmZZJ4OoezhNVE=":{"valueMac":{"type":"Buffer","data":"UB2wBAaiZc68XSNru2bnyTwz7p42HbCabkMPatXZeVI="}},"TG9CAMorrkzp/aqGaGGkVCjErgkLmqPQq/XIjSJugRE=":{"valueMac":{"type":"Buffer","data":"HmgDJerP4GMvmlEmBcmSLKMaCPsUXdCi8evod6+kiso="}},"V+q4QgijT8kNbETXi5hAilVtpM1miNQKqsm1jUYk3kw=":{"valueMac":{"type":"Buffer","data":"k0ShJ7O3f89H4RSZc7tnKmrXpHO5bMZiFMebeQQZ4rc="}},"WLzj0svO7+qGd4BEG9aMxFy2AeOX1kPAk99I6Z6Z9Y8=":{"valueMac":{"type":"Buffer","data":"/MdyfCV0Z33uOBFbl6j7StqHWULecbq5bEizgBbXiYo="}},"WjVpAHtZtyQaXwfFeAJPSX8WVkVuNgZEsFUfSCT0/6M=":{"valueMac":{"type":"Buffer","data":"AS9otCdSX/rBdXoaIzcZL2JWxfBJ61vS7GlXxslEEEY="}},"Y8UoCHqoAJRmxEvznlzylYbdCCvfxszSEoQSPY0W054=":{"valueMac":{"type":"Buffer","data":"IetcDQ90Vm8KfdwLznJyakJ/+Xki0rQc3YcawQI394c="}},"Zd3ICZEMXotcDXk/UWf49TgY8yphe+kmEKMCdz88MNo=":{"valueMac":{"type":"Buffer","data":"VwEERURmVLuIQGZHYYcAFptWt0z884Ge/OaTJbyLTvk="}},"ewoadyZso6uMX574YtKKi7kvkCL05n1lozhHbwkb/Qc=":{"valueMac":{"type":"Buffer","data":"xrOAWxb4jKcNQnrBmyxiipuCf9N756Zwypvoniu8Eg4="}},"hAwsIsbBWW3TftYU5wYKIDJ3DWmnI5xklSyqi6yC5Tk=":{"valueMac":{"type":"Buffer","data":"FUwLsJKjFpvWloZZRW0hMpdreE12Nve/2B5Dro1mKtQ="}},"hSaezYzouj8mGK9DRxA/qheDWF29dS639YuAfCnoR+0=":{"valueMac":{"type":"Buffer","data":"EJhjB6YQfl38hpQQxyvl4lyVN8wtG9nA/ZN1XyYE/pc="}},"kTqaFTQIwCEy3Rt+lIUugmlbrWn9MB8uZ6VsMbw21Vs=":{"valueMac":{"type":"Buffer","data":"/E+EsNPCCPSXAaFySd3O7mfNcTm+Qed0G25AywEHcus="}},"lauinBkSYnCy24tUdvAKdMUIltlgVa+bzrxQeVf2wAU=":{"valueMac":{"type":"Buffer","data":"xA7f4Os+kT/X1LSRsNdMqFgq9jUbGgMVkIZxOgtM6uc="}},"oWSMTmnd+VCrJD3GWS/ZQcRyuFOYQqR1uerpVDLkx6Q=":{"valueMac":{"type":"Buffer","data":"6aha8MYCaCn3arTMHgKnv70fl6K+2mVY9peOdKRCd0Q="}},"r/uiqqtAzfJiH8ObsiBUzm1zhWcxRUdYKpLON6zkLuE=":{"valueMac":{"type":"Buffer","data":"qwdk/pBJkrpauZF5ADAFjpKkVHU0Mj+EBxq469QC/3I="}},"vFSiKpKi7EXqGEBMofqNh4DMZBnBZO9/I8VhmqCn3CQ=":{"valueMac":{"type":"Buffer","data":"VWBmZheWbhsqjEcwi6S998R/OYXN3qOrm5qg9McfzdQ="}},"wV9yYKZfR0sWX4er0ltsKN3u0GdeY9tw+RJzNxIgVH8=":{"valueMac":{"type":"Buffer","data":"PQbuJcf4HGNLknPRERp6A6Cgfi51TOOsYFMU/0oJDhY="}},"wcyzjQLii7BeNoizyZkFPj4KHPDQ+uMF6T7RmuQrmlo=":{"valueMac":{"type":"Buffer","data":"BsmN6bOCYWo8Sn8q+eNU7LueKfxX2pbbFYurnht/5Gs="}},"zlE8ITTEMIxgeIsF8HOU456Zgb80DyxCnQ8Ic7vIcQw=":{"valueMac":{"type":"Buffer","data":"yhGehF1a6yZOCnv5h4B/PU/WXfjZAh4BeDg1XHmCh6I="}},"0FzGCyNvMRFpS6PEPZ10N4HzV5/rBoUAW2oCtXGleMQ=":{"valueMac":{"type":"Buffer","data":"dwaFXvbhEgY2HBWrFz9R3dnGo9u8xq+NfBmurbEEGKE="}},"4Zlx6T3Vh6OorxV1wYu135UGsb3yFRq7UjDifJ1wP94=":{"valueMac":{"type":"Buffer","data":"SUyhpTEU0be4+WLPJp573a0PJ95iqy0iwXEzoAg3KgQ="}},"5eKlUZfCYf4cKDX+yOVyq22EiX6voCJHX3tvWILse9I=":{"valueMac":{"type":"Buffer","data":"YPX+KURhRAUa1woj3t0vfaNgwL4sc9qw2woZRpJ/1fk="}},"67j7tf4mM+GIrwh809T0i8eMKJJ/KFa9Q/lA3KD4wXE=":{"valueMac":{"type":"Buffer","data":"ndv/BIct++xl665ABG175RtVOZyULyPjO8g7Mc9Nclw="}},"7Q0k7mA+SQjv6HaqUfDwhL6lTwlW2/5RDo94D7q9YjE=":{"valueMac":{"type":"Buffer","data":"wm+1CX4pmoYwYtMgzpLQfUQFfUISgd8oSRDN3ZMB/wY="}},"8XXEj92SGeD724KB3Vd3HOdJLl4/5GoxXdCDlI5+ACc=":{"valueMac":{"type":"Buffer","data":"8KvYp6cnRFkVXftA9jjcPMoT8HDgnMNJZAgQnPmj2NI="}},"+tnkxpNc2s8waI8Sm4WeQpfzpyKQeI2h9AipcSx58VQ=":{"valueMac":{"type":"Buffer","data":"TpkN/9QK/GdXl49fPgM3rc/2WDNRY0uV8q5knK6kKlc="}},"hrth03cnylSfrl7OK5s9+sLP/ZfcCYvL5hntco3wuis=":{"valueMac":{"type":"Buffer","data":"IswsJ5h4MdCQYAqG/5VOtPS1r2lQzNUWWH4ZeYXho9k="}},"JFinJbaRPI1HkHxKUnWs5vJYUlsAXfUzfR85IqBtTu4=":{"valueMac":{"type":"Buffer","data":"w7+4LJDH7VPJ81LjrgMqxkbPnIxrabkctn/KFPO5T3Y="}}}}