{"noiseKey":{"private":{"type":"Buffer","data":"aPw9m0GcOXZ0NEqaZKE/V6W/qYddVqSNioR7X10ejlA="},"public":{"type":"Buffer","data":"VF6tKX5HppZJdtkN+ZUulNWy5uB4ovmvrz7QLyee9CA="}},"pairingEphemeralKeyPair":{"private":{"type":"Buffer","data":"iMxJEw2zvCep0lA7Snmyup55T/1ZW+uiuqq8QJUI6EA="},"public":{"type":"Buffer","data":"M0+Dk8TjiZqyKA6ANKnIOH3KD0VWhS3DSImgmL32xG4="}},"signedIdentityKey":{"private":{"type":"Buffer","data":"6KJ9kkoG++3JKH1ObEo9bUrFAaPS2B/uahh1vTIcuXc="},"public":{"type":"Buffer","data":"r4j+lcQalWJvEZeNlb11GgTLcFyobKLDpQOtDol6l2w="}},"signedPreKey":{"keyPair":{"private":{"type":"Buffer","data":"uGUGFPqRZjIYBvp4EuBSeYKV91BayY2aHSeN3PbKZ3Q="},"public":{"type":"Buffer","data":"zTdYgg4nS+LEU6G/mDlOvJJaylY/m7nbeR2R70VyXwk="}},"signature":{"type":"Buffer","data":"5jEFdV9TKNyNRB5Ddp4sxVtDSA/rfqB7QdoQj5pT7L8LiVRIz6Os8xPKcWmvip30y3r1aAGTcBjudkZ1VUTwiw=="},"keyId":1},"registrationId":85,"advSecretKey":"JWA2SWCO6JlIs7O5I/Qsxm/znw0dGMEX0kGkd4aFxAQ=","processedHistoryMessages":[{"key":{"remoteJid":"62895365441554@s.whatsapp.net","fromMe":true,"id":"34C798AC38601692B5B5CEE14B25DA7E"},"messageTimestamp":1737882261},{"key":{"remoteJid":"62895365441554@s.whatsapp.net","fromMe":true,"id":"617E8C44A93FA3282F771B39E9001644"},"messageTimestamp":1737882262},{"key":{"remoteJid":"62895365441554@s.whatsapp.net","fromMe":true,"id":"F799491782CBE0729E54ABE204D64360"},"messageTimestamp":1737882271},{"key":{"remoteJid":"62895365441554@s.whatsapp.net","fromMe":true,"id":"703C84F7A5B05DD6D2904DC7AA26AA2F"},"messageTimestamp":1737882279},{"key":{"remoteJid":"62895365441554@s.whatsapp.net","fromMe":true,"id":"D5FF86EA6C2A18A8B24EA1FA0520211D"},"messageTimestamp":1737882286},{"key":{"remoteJid":"62895365441554@s.whatsapp.net","fromMe":true,"id":"91AC69EF00231F52E26F1D432AA963FB"},"messageTimestamp":1737882293},{"key":{"remoteJid":"62895365441554@s.whatsapp.net","fromMe":true,"id":"6601960B7ABAC4042937F8AD91A2CDE1"},"messageTimestamp":1737882300},{"key":{"remoteJid":"62895365441554@s.whatsapp.net","fromMe":true,"id":"E9E9AD5A4D2CAD1BA5369E444E426119"},"messageTimestamp":1737882307},{"key":{"remoteJid":"62895365441554@s.whatsapp.net","fromMe":true,"id":"7C6B24CBD7658F8D082EA34E841974BF"},"messageTimestamp":1737882314},{"key":{"remoteJid":"62895365441554@s.whatsapp.net","fromMe":true,"id":"62F4C4BE55FCCC3F3AABADC8A0794D9C"},"messageTimestamp":1737882319}],"nextPreKeyId":31,"firstUnuploadedPreKeyId":31,"accountSyncCounter":1,"accountSettings":{"unarchiveChats":false},"registered":false,"account":{"details":"CMjKZRCH9de8BhgGIAAoAA==","accountSignatureKey":"KLe4VxN8mCazFqZ1PZBJtmK4rAcgd6E2NCEnvEv11R0=","accountSignature":"9UeDSkwZc8jzeW4mPhQcYzEjHlilk9ok4PLtXyP+sqGYOTjggff/Du+t/9SXr+JRIDDJqs5xZYtvSFyX7cSQAQ==","deviceSignature":"6oMIBXkfH37u4EnvuCMszlm9aa3lIcfWBvACCPjpKd1Ckcg0vYePRAH6tF2AU1UdSlnI7EwWnpLS2xQMnq7JhA=="},"me":{"id":"62895365441554:36@s.whatsapp.net","lid":"201928055214297:36@lid","name":"Muhammad Rivaldi"},"signalIdentities":[{"identifier":{"name":"62895365441554:36@s.whatsapp.net","deviceId":0},"identifierKey":{"type":"Buffer","data":"BSi3uFcTfJgmsxamdT2QSbZiuKwHIHehNjQhJ7xL9dUd"}}],"platform":"android","routingInfo":{"type":"Buffer","data":"CAgIAg=="},"lastAccountSyncTimestamp":1737882250,"lastPropHash":"3R9Z39","myAppStateKeyId":"AAAAAOYB"}