{"_sessions":{"BcfQMbZ/aGs9CeTN+5bx+kFmT1TGDo5ewZ4rk6bAcb9T":{"registrationId":1437346,"currentRatchet":{"ephemeralKeyPair":{"pubKey":"BacQ2y+hUvMkdzzMvFXH+qJqFlqTb2gmKFwzF1bWqSMf","privKey":"oObWbRRf1GqRzkEPts8+ZtWM2c0Te1m9x+5XpROX3Gg="},"lastRemoteEphemeralKey":"Bc9+dlNrnPafclERihNrMprlM5F6Ky1mOCqkYMyk15dW","previousCounter":0,"rootKey":"4tx0FKbuHShJUOY0WJWlPaByLPk71wTkut2E5tuTSx4="},"indexInfo":{"baseKey":"BcfQMbZ/aGs9CeTN+5bx+kFmT1TGDo5ewZ4rk6bAcb9T","baseKeyType":1,"closed":-1,"used":1737882302487,"created":1737882302487,"remoteIdentityKey":"BS1zCVNSVUKGiNslelUomYBdzHPg0UxnqkoB/2R/PyFB"},"_chains":{"BacQ2y+hUvMkdzzMvFXH+qJqFlqTb2gmKFwzF1bWqSMf":{"chainKey":{"counter":0,"key":"JHoM4BN8igys+7X1M+hQDnz5/9Ak27PR5ZSeyfGiIL0="},"chainType":1,"messageKeys":{}}},"pendingPreKey":{"signedKeyId":8108306,"baseKey":"BcfQMbZ/aGs9CeTN+5bx+kFmT1TGDo5ewZ4rk6bAcb9T"}}},"version":"v1"}