{"_sessions":{"BRmwS0aXWxP3k5GzgCkF8QW4LCqrWci2ZgEnoiDhsYp3":{"registrationId":3592,"currentRatchet":{"ephemeralKeyPair":{"pubKey":"BfkAwbWKmHRmt6ygZSO4WSNaekjA3spVLJLfyHgAdyYp","privKey":"IF2fYEpwKEfXG8yIE52RVTJlEK18g5Wi39G8rBenNXY="},"lastRemoteEphemeralKey":"BZB/zZH3enBsFsGJaojU86mwSFYeKeDjdm+Bfz/nSaYR","previousCounter":0,"rootKey":"0yz4d40rfCj8bCWwoTMMRGYOiKlQs2GSh9c7ZmUFaFM="},"indexInfo":{"baseKey":"BRmwS0aXWxP3k5GzgCkF8QW4LCqrWci2ZgEnoiDhsYp3","baseKeyType":1,"closed":-1,"used":1737882368036,"created":1737882368036,"remoteIdentityKey":"BSg5UheeaBxg5SEzghj5g3WvhSGsm9d5+0HKE7VKx2As"},"_chains":{"BfkAwbWKmHRmt6ygZSO4WSNaekjA3spVLJLfyHgAdyYp":{"chainKey":{"counter":0,"key":"3ZoEQxHc3sbnz5nB9SQQv4r5Ep7pl4yILvXFkN3Pf80="},"chainType":1,"messageKeys":{}}},"pendingPreKey":{"signedKeyId":1,"baseKey":"BRmwS0aXWxP3k5GzgCkF8QW4LCqrWci2ZgEnoiDhsYp3"}}},"version":"v1"}