{"_sessions":{"BW0tGLgzrkD1RH7B9E+xMuHFnjFSbl4+IzXLySXpqQEp":{"registrationId":1695,"currentRatchet":{"ephemeralKeyPair":{"pubKey":"BfMfZMEKBp+vWInW9cCHGwPOuummPsnWBs0NL5MveHpt","privKey":"mJxFKplmxujBOAG66O+eN7++P9xmUfRKutciRX5uC0A="},"lastRemoteEphemeralKey":"BW4qQ8ImU286xgmeLkmOTn5PcpoPmJVPcy4yWYZQP5Fl","previousCounter":0,"rootKey":"puVNKwNv1XeYT5ZYnE6NgwR36kDpExpWy+DgKlsVbss="},"indexInfo":{"baseKey":"BW0tGLgzrkD1RH7B9E+xMuHFnjFSbl4+IzXLySXpqQEp","baseKeyType":1,"closed":-1,"used":1737882368035,"created":1737882368035,"remoteIdentityKey":"BXO8BpKII6JwR9oGY7gFCO873qBmHOY5GA2T0Iz5TAsn"},"_chains":{"BfMfZMEKBp+vWInW9cCHGwPOuummPsnWBs0NL5MveHpt":{"chainKey":{"counter":0,"key":"nApzmSn5d+GJl2dFArrKkjsINhM9EN6H6ETQ4FBMFL0="},"chainType":1,"messageKeys":{}}},"pendingPreKey":{"signedKeyId":2,"baseKey":"BW0tGLgzrkD1RH7B9E+xMuHFnjFSbl4+IzXLySXpqQEp","preKeyId":1152}}},"version":"v1"}