{"_sessions":{"BWGamEgqx5jgRt3HYJZSeKNd5tTguqBF7Ir4UW2cGEJb":{"registrationId":244,"currentRatchet":{"ephemeralKeyPair":{"pubKey":"BSYljG1GA5GYuOScjcyXhZmYjkjbX7hopvY3gsz5fT0j","privKey":"yAlNGFYiOJERYyN15OE5cjcNKCI8lFlNL2/c8kssZWQ="},"lastRemoteEphemeralKey":"BSSOQ0RA1qNWBLqS529+ysYIWp5xz97B+4FfAe57naQ1","previousCounter":0,"rootKey":"wFRXsE65aBfjts05/84X4/YJuk9YijBwCWr+INf7ATY="},"indexInfo":{"baseKey":"BWGamEgqx5jgRt3HYJZSeKNd5tTguqBF7Ir4UW2cGEJb","baseKeyType":1,"closed":-1,"used":1737882302486,"created":1737882302486,"remoteIdentityKey":"BRgfaGLzjPz1l7xXbewcjbLe+zPzttuQJWH8JScqDL8Q"},"_chains":{"BSYljG1GA5GYuOScjcyXhZmYjkjbX7hopvY3gsz5fT0j":{"chainKey":{"counter":1,"key":"1HBWfDE3a1Gp3CYzcusjUMLv8HcNxqaxJKmLzF0IHmk="},"chainType":1,"messageKeys":{}}},"pendingPreKey":{"signedKeyId":2,"baseKey":"BWGamEgqx5jgRt3HYJZSeKNd5tTguqBF7Ir4UW2cGEJb","preKeyId":1189}}},"version":"v1"}