{"_sessions":{"Ba+rVxVIndUtwCsIsFuutYfRFQNX/EnvQuNqYRTsMcBq":{"registrationId":914508098,"currentRatchet":{"ephemeralKeyPair":{"pubKey":"BaSkcg2MvWziia9IEUALlUvnLsq9DZmtB07oS6ex4+Yd","privKey":"uNr9jpAmfq0wzrqGcs0YbVkMZfWR90fLmQb2NjNQDEE="},"lastRemoteEphemeralKey":"BY6hugDs0nFB1w+2CuSyJyUj7KFEGRBMcSvs35J1CZAI","previousCounter":0,"rootKey":"33UAWTGeHTgGXfvBsLnq8EZtBzPbeVkRb3JdkE0KMic="},"indexInfo":{"baseKey":"Ba+rVxVIndUtwCsIsFuutYfRFQNX/EnvQuNqYRTsMcBq","baseKeyType":2,"closed":-1,"used":1737882319703,"created":1737882252561,"remoteIdentityKey":"BSi3uFcTfJgmsxamdT2QSbZiuKwHIHehNjQhJ7xL9dUd"},"_chains":{"BSQF8b8A4mJ5gjlCn8oPv+ggc49i9pAUG+pNVRG01GQ6":{"chainKey":{"counter":10},"chainType":2,"messageKeys":{}},"BY6hugDs0nFB1w+2CuSyJyUj7KFEGRBMcSvs35J1CZAI":{"chainKey":{"counter":2,"key":"kD1V0+xrKhidBGW9egQbjbIv/6Vp3z8eGXye3A6087Q="},"chainType":2,"messageKeys":{}},"BaSkcg2MvWziia9IEUALlUvnLsq9DZmtB07oS6ex4+Yd":{"chainKey":{"counter":0,"key":"veCLoGeFVKNsGRSMj/Md0gkFbefh6cKV40kWs0OxJ7Q="},"chainType":1,"messageKeys":{}}}}},"version":"v1"}