{"_sessions":{"BSxF7S7eciNhUYZiqQP9NvOrufrfAWAVz0snJ3McfnEN":{"registrationId":554889232,"currentRatchet":{"ephemeralKeyPair":{"pubKey":"BSFc2DD86430xw85jE4UwQiocO6YLTXqBoUDT4DUbjRk","privKey":"OEiwism4GaYMgOYC3f+qpsBjtaF7rSwAJ+gRPIOcR3A="},"lastRemoteEphemeralKey":"BbsPdB6GbbVKub3akxNN4KZ72bB1SutT74Jw6CteKFYn","previousCounter":0,"rootKey":"8LRN8IkZr9PcQSxuQ80FISGi0kLb7qpB+2Nln2K9wGg="},"indexInfo":{"baseKey":"BSxF7S7eciNhUYZiqQP9NvOrufrfAWAVz0snJ3McfnEN","baseKeyType":2,"closed":-1,"used":1737882336606,"created":1737882336606,"remoteIdentityKey":"BQlOnrS0lpz8uJxKdl0gvNx1J6YnwGRibH99q3i6Axgk"},"_chains":{"BbsPdB6GbbVKub3akxNN4KZ72bB1SutT74Jw6CteKFYn":{"chainKey":{"counter":0,"key":"XgndV/57qPxHScrb3tirGUPaevYrIuVuJes/WonGgwU="},"chainType":2,"messageKeys":{}},"BSFc2DD86430xw85jE4UwQiocO6YLTXqBoUDT4DUbjRk":{"chainKey":{"counter":-1,"key":"J5CApImAzKrTIHghzcWkC43Xj4QWcyU9RLZ1F609ThI="},"chainType":1,"messageKeys":{}}}}},"version":"v1"}