{"_sessions":{"BSgCgONgTR0clLNaTdNMNuoj/FtBYA6ZY/K1IIrXvqU+":{"registrationId":1190428125,"currentRatchet":{"ephemeralKeyPair":{"pubKey":"BWBztZa9OECXQ8gpiXUa2+NPRmOA3huczzz7SwvM+FUs","privKey":"uJescbSsa9P6CTbE0LYrSveSMMfxaO6OgtNubqJ+JkY="},"lastRemoteEphemeralKey":"BcsYSNZafGfVyuXBeEd84B1Oiq0KFhKiDix27zlG5WoM","previousCounter":0,"rootKey":"UhO0swjhlHyTpoZkA0to1l56FdRmrJ2CpNVVCwIR/Jo="},"indexInfo":{"baseKey":"BSgCgONgTR0clLNaTdNMNuoj/FtBYA6ZY/K1IIrXvqU+","baseKeyType":1,"closed":-1,"used":1737882368037,"created":1737882368037,"remoteIdentityKey":"BZ1jj9C+cHWB5pBM+R48lbw7tF51N+uNStIbAWcMys8K"},"_chains":{"BWBztZa9OECXQ8gpiXUa2+NPRmOA3huczzz7SwvM+FUs":{"chainKey":{"counter":0,"key":"dTYlsGVg0qK8lXPqC0NSaGf7hdMOYrLPoPsEzGl9LFg="},"chainType":1,"messageKeys":{}}},"pendingPreKey":{"signedKeyId":3,"baseKey":"BSgCgONgTR0clLNaTdNMNuoj/FtBYA6ZY/K1IIrXvqU+","preKeyId":16591757}}},"version":"v1"}