{"_sessions":{"Bd+mZBn2DrdSySHWJCnpFOML9O9Dgf288z9QI6+KEKUl":{"registrationId":1751287066,"currentRatchet":{"ephemeralKeyPair":{"pubKey":"BYf/Ka3q3fKHj8Toa4rmSZA5YkyczV3CfWVQK0ODXlp0","privKey":"sAfQX5cLePs1DddqnYWRvnFEueyC6Hv0YIKMJlxYJlY="},"lastRemoteEphemeralKey":"BR6AQviSA4DYkwc7vHpzWz885OOiS3xqQzz4RInLBzUz","previousCounter":0,"rootKey":"h91EXs5dRInoMwrTiHXffCmWfLTAGOlKd9UV/6KRAxs="},"indexInfo":{"baseKey":"Bd+mZBn2DrdSySHWJCnpFOML9O9Dgf288z9QI6+KEKUl","baseKeyType":1,"closed":-1,"used":1737882302485,"created":1737882302485,"remoteIdentityKey":"BWlt4m5MLVrgpT4BnFEcbJSBFkzoGLm4pYaYg7HzgSVW"},"_chains":{"BYf/Ka3q3fKHj8Toa4rmSZA5YkyczV3CfWVQK0ODXlp0":{"chainKey":{"counter":1,"key":"Au/Fi5qUGJ0hvmInJ81okx3Gn+bPgazy4MYo5rLOAPs="},"chainType":1,"messageKeys":{}}},"pendingPreKey":{"signedKeyId":5097720,"baseKey":"Bd+mZBn2DrdSySHWJCnpFOML9O9Dgf288z9QI6+KEKUl","preKeyId":1457}}},"version":"v1"}